A,B,C,D,E
0.4645120924586801,0.21577148404034135,0.2116493187550289,0.21326220135738877,0.4600536042191485
-0.9689189649560093,0.9388039606514244,0.34953762047540593,0.3570775492689275,0.5912170671381247
0.5561035798938359,0.3092511915707399,0.015492717170223925,0.015493337008569974,0.12446974399517308
-0.4375928206971691,0.1914874767257048,-0.18627816246636697,-0.1873726349279229,0.4315995394649616
-0.5250486930656624,0.2756761300899601,0.09151387414705453,0.0916420928495435,0.30251260163347665
-0.9556098439453047,0.9131901738451695,-0.14454156579535363,-0.14504965737213338,0.3801862251520347
-0.0962867957977358,0.009271147044994873,-0.21077491806593693,-0.2123676190819807,0.45910229586219337
-0.22623124259137373,0.05118057512443699,0.19575766282611515,0.19703000174214746,0.44244509583237007
-0.17486249936354237,0.030576893683664855,0.029304810320201394,0.029309006299907236,0.1711864782049137
-0.19944601110419402,0.039778711345374286,0.06487616507775011,0.0649217612204524,0.25470799963438545
0.32409728563953477,0.10503905055891419,0.0673811786872622,0.06743227074136698,0.2595788486900699
-0.043034714407866215,0.001851986644166608,-0.06140257169630791,-0.061441221411453834,0.24779542307376848
0.29866536547650524,0.08920100053521444,0.05609589025715168,0.0561253519419459,0.23684570981369216
0.5592079267727619,0.3127135053654906,-0.09134297492887268,-0.09147047483491352,0.3022300033565044
-0.2421582995248026,0.058640642028744014,0.15149277249439302,0.15207830132035693,0.38922072464655966
-0.48547664420590686,0.23568757206942867,-0.10868020513102652,-0.10889529432293843,0.32966680926509195
-0.24388239493902986,0.05947862256119694,0.07362998026435114,0.07369667237278898,0.27134844805959574
-0.6178759300076773,0.3817706648828521,0.01558106050585335,0.015581691008974996,0.12482411828590398
-0.6588513524430843,0.43408510461608135,0.18784420189606987,0.18896681457791825,0.4334099697700433
-0.2504082524342197,0.06270429288715991,0.18132045286024434,0.1823289950122891,0.42581739379720546
0.7175804532416894,0.5149217068745484,-0.13338841211146152,-0.13378716461109214,0.3652237836059715
-0.24885864125950952,0.061930623329529255,-0.047037184555488894,-0.0470545467834691,0.21688057671328914
0.2685560058537635,0.07212232828012664,0.03923957960943661,0.039249656414920786,0.19808982712253703
-0.10308888685174766,0.010627318592332432,0.32217458572414803,0.3280256567454553,0.5676042509743457
0.9470345991611782,0.8968745320083734,0.05013412939365836,0.050155154628058585,0.2239065193192426
-0.4280815759547243,0.1832538356718804,0.24334474350626673,0.24581277041924438,0.4932998515165667
-0.17452793685687107,0.030460000743515975,0.13106222679187748,0.1314403731621881,0.36202517425156705
-0.11469851836688383,0.013155750115558387,0.06829657022189727,0.06834977597452085,0.26133612498446757
0.60473358730517,0.3657027116149797,0.38536799875121885,0.3956065903106873,0.6207801533161469
0.8022653489753142,0.6436296901664826,-0.03693161903521681,-0.03694001963866761,0.1921760105611957
0.059939183511989125,0.003592705720083909,-0.01876250343092613,-0.018763604437497305,0.13697628784182367
0.7605530698636644,0.5784409720790441,0.27200385596718996,0.27547478976667333,0.5215398891429015
0.8141443253714518,0.6628309825345363,-0.2868427582473101,-0.29092946776077155,0.5355770329722047
0.6679563693593566,0.4461657113677333,-0.2316738429318454,-0.2337979872351552,0.4813250906942681
0.5250331909100396,0.27565985155717815,0.16360012267697296,0.16433884800669268,0.40447511997275304
-0.2323823009926329,0.05400153381463064,-0.12780369837053682,-0.12815420048926718,0.3574964312696517
0.2703226367422451,0.0730743279352798,0.09848526283861908,0.09864516889255703,0.31382361740095194
0.2530904158914582,0.06405475861611128,-0.07119266959785284,-0.07125294595237117,0.2668195450072068
0.7507945302800929,0.5636924266985054,-0.16742518914007484,-0.16821741151275654,0.4091762323743583
0.42712488532588333,0.182435667664649,-0.006073333086181644,-0.006073370422995883,0.07793159234984003
-0.5684514504979554,0.3231370515732295,0.31589030548824626,0.32139486084520746,0.5620411955437487
0.5411264346990936,0.2928178183301524,0.36752292276569054,0.3763441318451202,0.6062366887327841
-0.958662410384767,0.9190336170847313,-0.22098304157559215,-0.2228223163235713,0.4700883338007785
0.459937338793885,0.21154235561680093,-0.007426291904738707,-0.007426360166199186,0.08617593576363826
-0.24628621879877266,0.06065690157019692,0.04810092646587402,0.04811949431649437,0.21931923414482832
-0.5027325228267232,0.25273998950772175,0.24343875012989621,0.2459096916516021,0.4933951257662526
0.8160779476224731,0.6659832165957079,0.2586183435354984,0.26159161202973175,0.5085453210240936
-0.20122477749950463,0.04049141107972514,0.13866220131436613,0.1391104382904484,0.3723737387549854
0.45900386982921937,0.21068455251819895,-0.24057080984006868,-0.2429538890596904,0.490480182922887
-0.11702934014474775,0.013695866454715067,0.34747131155087385,0.3548730322302382,0.5894669724003829
0.11632410682719141,0.01353129782914384,0.15140893175920397,0.15199348217845504,0.3891130064122812
-0.19749115911281012,0.03900275792772129,0.13983774539716987,0.14029754814669293,0.37394885398563515
0.15230904376368337,0.023198044812207618,-0.21999901773208647,-0.2218134635588846,0.4690405288800601
-0.23662863595411499,0.05599311135350508,0.07207575814412144,0.07213830905252122,0.26846928715240675
0.3144629661346672,0.09888695707021283,0.0826482384364001,0.0827426201568972,0.28748606650827463
-0.9053098443802667,0.8195859143318228,0.31289439147700737,0.31823891716310254,0.5593696376073762
-0.5978882434439221,0.35747035164845864,-0.007357256209426621,-0.0073573225847987644,0.08577444963056668
-0.7109045771171758,0.5053853177661506,-0.06892427026799874,-0.06897895868215476,0.2625343220761787
-0.2599814931726525,0.06759037679228197,-0.018151947032308456,-0.01815294400393347,0.13472916177393984
0.8084428961824197,0.6535799163878186,0.11298327095628115,0.11322503838650982,0.33612984240659316
-0.3384098987849833,0.11452125959566263,-0.11470210983757836,-0.11495512515138129,0.33867699927449807
-0.6797512817100948,0.46206180498651667,0.33286928395985615,0.3393447535644613,0.576948250677525
0.6187984840297145,0.3829115638374728,0.3286082098483044,0.3348295706326014,0.5732435868357398
0.7831049895578088,0.6132534246703358,-0.1326016801814784,-0.1329933812454412,0.3641451361496929
0.30287335323690834,0.09173226810096906,0.27963109688305415,0.28340985665101553,0.5288015666420195
-0.8697539366125355,0.7564719102530024,0.24199588735345548,0.24442235291414266,0.49193077496072096
-0.5984814795035225,0.3581800813087252,-0.19457947097582423,-0.19582870860106266,0.441111630968652
-0.8223808922965465,0.6763103320144641,0.1445487513593583,0.1450569191983504,0.3801956750929162
-0.22247329198603194,0.049494365647102224,-0.17540681738574193,-0.17631897695998663,0.41881597078638483
-0.47721537413397686,0.2277345133098315,-0.16354209456668484,-0.16428002767753286,0.4044033810030337
0.30353099392109373,0.09213106427072704,-0.04099266458136814,-0.04100415394052337,0.20246645297769242
0.6519640593694251,0.4250571347094593,-0.14485924111971551,-0.14537071162890744,0.38060378495190444
-0.0728379608213423,0.005305368536611397,0.13227648379350268,0.13266529479052175,0.36369834175247856
-0.36807044389532106,0.13547585166929868,-0.005882044813857396,-0.005882078732658891,0.0766944901140714
-0.8709926599654894,0.7586282137137585,-0.11863600623985605,-0.1189160741594299,0.3444357795581871
0.6134516826983323,0.37632296700541534,0.261115034567708,0.2641771306900487,0.510994162948764
-0.425059121954789,0.1806752571569762,0.3850792375020113,0.3952936796327789,0.6205475304132725
-0.5628248285334523,0.31677178761370994,-0.1775778041512388,-0.17852458784617664,0.4213998150821127
-0.13062586145992916,0.017063115682148605,0.16828462012427053,0.1690892118814783,0.4102250847087127
0.46199181322171623,0.21343643548388913,0.19153897195466021,0.19272991086886193,0.4376516559487239
0.7721537841326112,0.596221466350311,0.2684640927480108,0.2717982367577331,0.5181352070145502
-0.08422342635861035,0.007093585547584261,0.021462387752956096,0.021464035812499227,0.14650047014585343
0.9351278703493089,0.8744641339040339,0.02903495621986983,0.029039037318425887,0.17039646774469777
-0.6163306590154674,0.3798634812424403,0.18722837501076364,0.188339864122823,0.43269894269660936
-0.43840368792674567,0.1921977935877714,-0.020079202058028756,-0.020080551539434832,0.14170110111791212
-0.8237129563075454,0.6785030343889161,-0.17755193111839387,-0.17849829702853787,0.4213691150504435
-0.46939799244341995,0.22033447530991293,0.13128326861019482,0.13166334153334835,0.36233033078972954
0.3379161301591429,0.11418731102173081,0.0955485750555916,0.09569456120787379,0.30910932541026903
-0.4713723535134622,0.22219189565682038,-0.01759988675259423,-0.01760079549106286,0.13266456479630961
-0.7374574409771826,0.5438434772526147,0.2928651100193766,0.29722196341306245,0.541170130383576
-0.14250985214553857,0.020309057958543264,-0.021903670598607795,-0.021905422433725286,0.1479988871532749
0.13120001134637183,0.017213442977288097,-0.1867863498880384,-0.1878899009765852,0.4321878641147139
-0.5163106636899641,0.26657670143997125,-0.28038909847654675,-0.28419944409238324,0.5295177980734422
0.9827474301328247,0.9657925114326712,0.3229657182341322,0.3288614670587812,0.5683007286940007
0.38720116413408645,0.14992474150679175,-0.21215449672031741,-0.2137791180205905,0.4606023194908135
-0.8428750719858462,0.7104383869751454,0.1121573252693994,0.11239380918522734,0.33489897770730714
-0.8346965103051147,0.6967182643155365,0.1454256671761281,0.1459431999046748,0.3813471740764944
0.8805794145232435,0.7754201052820984,-0.20251372920236707,-0.20392415986879753,0.45001525441074447
-0.36148752631677206,0.13067323168261896,-0.28193994884096946,-0.2858154864974105,0.5309801774463614
-0.12526689523822632,0.015691795042624766,-0.178537418229414,-0.1794997855628438,0.4225368838686322
0.23394006162825787,0.05472795243463309,-0.07117261405081023,-0.07123283940100567,0.26678195975517205
-0.4842320836658345,0.23448071085135572,0.18481741923254488,0.1858860778399855,0.42990396512773044
-0.90605228899698,0.820930750396667,-0.10196906951356235,-0.10214660862149172,0.3193259612270232
-0.26108191603542896,0.06816376688073078,-0.09287605018626234,-0.09301009535480598,0.30475572215507674
-0.6868420203347987,0.47175196089758803,0.17874020572951427,0.17970588828345258,0.4227767800264275
0.9931212535982874,0.9862898243486339,0.06858805207451485,0.0686419429376049,0.26189320738521427
0.45110448870920994,0.20349525973359772,0.003301591844828547,0.0033015978430297466,0.05745948002574116
0.04841548538220519,0.0023440592247945245,0.12247882110405225,0.12278712559876276,0.3499697431265341
0.5963323630363477,0.35561228720451443,-0.11174109882690185,-0.11197494975974356,0.33427697920572075
0.7183703740268548,0.5160559942794832,-0.17529779805348872,-0.17620824187030637,0.4186857987243999
-0.7249421164583043,0.5255410722150456,0.14196026162773515,0.14244145245168066,0.3767761425936297
-0.36871788416709483,0.13595287810465917,-0.18825592521976284,-0.18938601670392824,0.43388469115625966
-0.8147589316192236,0.6638321166532988,0.22144443099044506,0.2232954268922393,0.4705788254803281
0.7601155245526336,0.5777756106659254,0.020436502921676314,0.02043792574222858,0.1429562972438651
0.7478638982248362,0.5593004102680482,0.08314608980803177,0.08324219100332475,0.28835063691282486
-0.7296353498184651,0.532367743704714,0.331442912111372,0.3378325238250282,0.5757107886008147
0.11223282326170048,0.012596206617292096,0.2140422199732986,0.2157112205519776,0.46264697121379555
-0.7083430449889205,0.5017498693841759,0.06658171968829829,0.06663101227125862,0.258034338196098
0.29158326797056344,0.08502080216039341,-0.13079498898423858,-0.1311708149424305,0.36165589858902975
-0.03514437046737395,0.0012351267755480264,-0.19756349659152694,-0.1988718031742347,0.44448115437161895
-0.4897140555913575,0.2398198562437352,0.18342620012205899,0.18447065981243116,0.42828285060466637
0.27593842422092507,0.07614201396152721,-0.1770890892848946,-0.17802800250696532,0.4208195447990678
-0.4940626652715141,0.2440979172151922,0.22835815237663426,0.23039094116276976,0.4778683420950108
0.8326449018632074,0.6932975325987902,-0.01549424605405726,-0.015494866075939084,0.12447588543190709
-0.9292742211370983,0.8635505780699607,-0.2939739596138863,-0.298381867696094,0.5421936550844968
-0.5487424552599354,0.30111828220470216,0.388484722872506,0.39898658217790167,0.6232854264881428
0.6908979875519159,0.47734002920328733,0.06062735349465688,0.060664556147385196,0.24622622422206958
-0.16088767925760838,0.02588484533689907,0.00522118007243484,0.00522120379491503,0.07225773365138738
-0.14867967974581053,0.022105647169316782,-0.15104037350769928,-0.15162063597730832,0.3886391301808135
-0.007659858626441807,5.867343417707496e-05,-0.15362295391372446,-0.15423371326923316,0.3919476418014586
0.38338216881102505,0.1469818873622453,-0.048637956187752816,-0.048657153367519135,0.22054014643087733
-0.05650227964848864,0.0031925076054760138,-0.25878296022890923,-0.2617620301759915,0.5087071458402262
0.8000300906067279,0.6400481458762093,0.25524409077694205,0.25810014765973704,0.5052168749922572
0.7106080796314564,0.5049638428375064,0.1791292014538119,0.1801012650147853,0.4232365785867425
-0.94416084912247,0.8914397090156636,-0.038213712742195545,-0.03822301936249817,0.19548327995558992
-0.7604083498893368,0.578220858581424,-0.11625659949709619,-0.11652008474268064,0.3409642202593935
0.2539348926901597,0.06448292972556291,0.13381440206970557,0.13421700805577813,0.36580650905869017
-0.6672880891470581,0.4452733939175321,0.06580088319481853,0.06584845958125624,0.25651682828777245
-0.7382066319163796,0.5449490314053251,0.04227133426165481,0.042283933261226425,0.20559993740673854
-0.8065519460013051,0.6505260415984921,0.1769336212159899,0.17787004002214674,0.42063478364965246
0.27549918649109073,0.07589980175725279,0.25134223607848777,0.2540667592271935,0.5013404393009682
0.7183852292958259,0.5160773376704164,0.015926004387890855,0.01592667770370748,0.1261982741082098
0.6851668967377371,0.4694536763852209,0.20808932928235876,0.2096211207591981,0.4561680932313863
0.5104956953025765,0.2606058549224611,0.32221897171242336,0.3280725430530647,0.5676433490427095
-0.35127466611176184,0.12339389105192976,-0.02920848756810131,-0.02921264229748427,0.1709049079696113
0.1718106836301463,0.029518911009458217,0.08665948623209298,0.08676832129920642,0.29437983326323997
0.26600561693052094,0.07075898823858705,0.27470740234358904,0.27828538424280996,0.5241253689181521
-0.3319048757993712,0.11016084657939604,0.05184450771065908,0.05186776091628148,0.22769389036743845
0.5778160485782426,0.33387138599457405,0.20531460224899567,0.20678514684866262,0.4531165437820558
-0.8215962968825881,0.6750204750511818,0.16006464513023114,0.16075614212132489,0.40008079825234194
-0.6228442438784028,0.38793495213245927,-0.08682031436149228,-0.08692975788454366,0.2946528709540979
-0.6921173761188721,0.4790264623256723,-0.2536276784384553,-0.2564287280816283,0.5036146130112343
-0.5311399527084526,0.28210964936313726,0.18922265942822958,0.19037044383869683,0.4349973096793009
-0.3114685351675037,0.0970126483993905,0.19975394447207012,0.20110679785241287,0.4469384123926585
0.33075765626760956,0.10940062717964215,0.1374136172299697,0.1378497858245768,0.3706934275516221
0.42332329650796274,0.17920261336636853,0.37786171957997006,0.3874857027807544,0.6147045791109499
0.9182554620922161,0.8431930936621893,0.33551494695676487,0.3421518095060658,0.5792365207380875
0.9016342673746138,0.8129443521041566,-0.16392805245235004,-0.16467126557698225,0.4048802939787883
-0.1205504918461131,0.014532421084339782,-0.10766149601584808,-0.10787057242006004,0.32811811290425297
0.48456227485109804,0.2348005982088711,0.2403129988242729,0.24268828619275634,0.4902172975571883
-0.5028580502677018,0.25286621871903453,-0.1837878874240586,-0.18483860224024068,0.4287048954981254
-0.16231490322267494,0.026346127808186334,0.03249837270380604,0.03250409591906073,0.18027305040911146
0.9739487709782635,0.94857620849007,-0.0689779322288263,-0.06903274866094833,0.2626365020876312
-0.9314963306204953,0.8676854139594471,-0.1847871287812896,-0.18585525651363186,0.429868734361188
-0.5382093188908512,0.28966927094095396,-0.0462771207267144,-0.04629365429544552,0.215121176843923
-0.012287397646304266,0.0001509801409184036,-0.05368867457905538,-0.053714500792063746,0.23170816683719928
-0.8666093307564489,0.7510117321541402,0.3276716800418025,0.33383814464565004,0.5724261350094023
0.08250584367919722,0.0068072142412161285,-0.11177241465211384,-0.11200646299672257,0.3343238170578247
0.7608407578283622,0.5788786587728366,-0.09527791285809406,-0.0954226585213174,0.3086712051003366
-0.4902745036171072,0.2403690888970009,-0.11705122481425267,-0.11732017258091698,0.34212749789260244
0.39051968617355737,0.15250562528909373,-0.01330547508927879,-0.01330586771116854,0.11534936102674687
-0.6934895033596513,0.48092769127001583,-0.21324343503463764,-0.2148935572462773,0.46178288733412115
-0.14407888166441896,0.02075872414166964,-0.24376935088177726,-0.24625056117880412,0.4937300384641158
0.2065920133935255,0.042680259997990626,0.18961092767419102,0.19076587058654237,0.4354433690782201
0.6875456820220769,0.4727190648672029,-0.12516418590027706,-0.12549331672667322,0.3537855083242911
0.2456811825609755,0.06035924346455936,-0.20564252283477316,-0.20712021729779595,0.45347824957187655
-0.7193052537954987,0.5174000481378068,0.017331874724992233,0.017332742573831106,0.13165057814150394
0.49873800673313595,0.24873959936014156,-0.0004766835369473892,-0.0004766835549999682,0.021833083541895525
0.9265014700941845,0.858404974086685,-0.23999769433675283,-0.2423634759596848,0.4898955953432862
-0.034598669948086025,0.001197067962176591,0.2738565751101378,0.2774006258789046,0.5233130756154845
0.10928510417279758,0.011943233994059218,0.1613502470400207,0.16205867433153087,0.40168426287324316
-0.25447273602349285,0.06475637337928228,-0.2536755914360739,-0.2564782610225661,0.5036621798746397
0.8222740094603627,0.6761345466340206,0.34950875884122423,0.35704674472149595,0.5911926579730369
0.8144755689275114,0.6633704523797933,0.3223345880282065,0.32819467569672683,0.5677451787802399
-0.9409834258632437,0.8854498077493266,-0.25415937361050933,-0.2569784359953047,0.5041422156599359
-0.9827759531290918,0.9658485740487949,0.24492538558479357,0.2474427333655484,0.49489936914972277
-0.06903580355361671,0.004765942172293558,0.2579583265009323,0.2609084125689734,0.5078959800007599
-0.5638951447717298,0.31797773429713005,-0.2674630975571212,-0.27075924456769185,0.5171683454709126
0.23017907437138807,0.052982406278469,0.021082573760155772,0.02108413585181712,0.14519839448201818
-0.6868821556138074,0.4718070957006707,-0.22305757251188538,-0.22494994908147742,0.47228971247729434
-0.16796557993881245,0.028212436044181596,0.09638932702209246,0.09653921183028824,0.31046630577583206
0.42048279433848146,0.17680578033469768,-0.015246233431274422,-0.015246824151547711,0.12347563901950223
-0.9024405220707359,0.8143988958753023,0.1856888147601247,0.1867728222011602,0.43091625028551045
0.2051097381434317,0.04207000468126712,-0.09364435103873191,-0.09378175931554822,0.3060136451838903
0.6768853962675148,0.4581738396802305,0.3479934033457326,0.3554298744176298,0.5899096569354774
0.8250345125502876,0.6806819468990907,0.10470996952709048,0.10490226291779303,0.3235891987182058
-0.7849506562959296,0.6161475328194107,0.12488354687864806,0.1252104583219144,0.35338866263456736
0.6855455279011422,0.46997267082525573,-0.2534715226219729,-0.25626729708529017,0.5034595541073512
0.684217412978833,0.4681534682234469,-0.1241429498812427,-0.12446405273741912,0.3523392539602176
0.32184544389136294,0.10358448975362845,0.3701806133168359,0.3792034384969268,0.6084246981482885
-0.6941992470110858,0.4819125945507585,0.11932959199312045,0.11961462219217289,0.34544115561571476
0.7264441847658798,0.5277211535801637,0.0036814545083556915,0.003681462824264403,0.06067499079815086
-0.2692746914009676,0.07250885942908633,0.20529110440064147,0.20676113756639153,0.453090613895986
-0.17742725099363343,0.0314804293951578,0.36742457280706,0.3762383830554335,0.6061555681564428
-0.45030031294777983,0.20277037184086846,0.25978691693643674,0.26280153717336313,0.5096929633970207
-0.7674686731323113,0.5890081642394704,-0.25184749758265523,-0.25458881385639787,0.5018440968893181
0.29021835762321424,0.08422669510151587,0.1642898840873142,0.16503807027278838,0.4053268854730885
-0.5286167745281694,0.27943569431256543,-0.14262473211403226,-0.14311275367354323,0.37765689734735713
0.0058669894781140375,3.442156553630083e-05,0.2642440483976906,0.2674200265413957,0.514046737561567
-0.24928287757774847,0.062141953053442736,0.2669548187500118,0.27023178665085584,0.5166767062196744
-0.4851366497901066,0.23535756896956855,0.12537885849177266,0.125709693830253,0.35408877204985284
0.15218468439744504,0.02316017816514995,0.13671370710505276,0.13714320716488032,0.36974816714224934
0.2260624813084946,0.05110424545535347,0.17242884512906456,0.17329491730045582,0.4152455239121363
0.6452874905393868,0.41639594544661923,-0.053115933174577065,-0.05314094095504446,0.23046894188713815
0.8826430036954449,0.7790586719725172,-0.21561234718036054,-0.21731888357921444,0.4643407662270895
0.3863384603018356,0.149257405908393,-0.2688414483682546,-0.2721899945374975,0.5184992269697754
0.5403050482149441,0.29192954512655306,0.21422342215235804,0.21589672560391754,0.46284276180184347
-0.621797241069443,0.386631809001571,-0.18177953380035625,-0.18279583402007718,0.4263561114847027
0.4828849580780896,0.23317788273807838,-0.0851933597048976,-0.08529675201631187,0.29187901552680623
0.8075201904150779,0.6520888579280038,0.0558009471256721,0.05582994610355452,0.2362222409631915
0.06264898507757577,0.003924895331250311,0.19889983873952052,0.2002352018189169,0.44598188162695634
0.8914695259564369,0.7947179157089943,-0.13316462409843235,-0.13356136218972325,0.3649172839129881
0.12319690614953305,0.015177477684816854,-0.07432925083800164,-0.07439786439981227,0.2726339135874362
-0.17556046358205735,0.030821476373146885,-0.12013373313449197,-0.12042459003042003,0.34660313491728834
0.6862893468062503,0.47099306753974973,0.2572985850977517,0.2602256229429259,0.5072460794306366
-0.4909054343936783,0.24098814551724598,0.1776388205259581,0.17858658997674015,0.42147220611323605
0.8690570859297622,0.75526021860473,-0.06953478404065748,-0.06959094075751296,0.2636944899702257
-0.9586221498256848,0.9189564261364177,-0.1535230164193163,-0.15413257601461486,0.39182013273862826
0.769392938376819,0.5919654936241155,-0.021275151844019353,-0.021276757140407887,0.14586004197181404
-0.725054339377514,0.5257037950501632,0.32669714501178465,0.3328068474842401,0.5715742690252813
-0.6986912101222611,0.4881694071021096,0.1243160909840721,0.12463854554744952,0.35258487061142046
-0.1403983209368378,0.019711688521883305,0.2829521606849926,0.286870661778915,0.5319324775617603
0.5483435312374036,0.3006806282499055,-0.19627236606390955,-0.1975548872968586,0.44302637174767545
0.3142217913497132,0.09873533415902268,0.2893669251154349,0.29356540214873456,0.5379283642971756
0.7196854980197478,0.5179472160599324,-0.05387923095841134,-0.053905333383620635,0.23211900171767785
0.3084154011880049,0.09512005968995803,0.08529226356868544,0.08539601718475809,0.29204839251172987
-0.19521156176506094,0.038107553846754204,-0.2514771224011994,-0.25420612176839674,0.501474946932745
-0.32782118363273294,0.10746672843836601,-0.22135745794136358,-0.2232062404922695,0.4704864056924106
0.7109390945950871,0.5054343962236821,0.27445380367158945,0.27802164865152273,0.5238833874743399
-0.6005237598140605,0.3606287861012154,0.3002138675595087,0.30491685604102453,0.5479177562002427
0.3434699568345796,0.11797161124794797,0.38009909256029917,0.38990342748924006,0.6165217697375326
0.8462601541287185,0.7161562484659624,0.11435324836559048,0.11460395298487963,0.338161571390941
-0.9576973679882681,0.9171842486516562,0.10291745136209952,0.10310000647684414,0.32080749891811994
0.23872414784550688,0.05698921876456343,0.34613696368821933,0.35345039168327114,0.5883340579026675
-0.8342430628872657,0.6959614879755264,-0.20375594960011284,-0.20519283117619497,0.4513933424410609
-0.9197366118237871,0.8459154351290996,0.09141975008119896,0.09154757256646245,0.30235699112340525
-0.840674946700362,0.7067343660096566,-0.014839559442465525,-0.014840104139252075,0.12181773041091155
-0.24413052588787787,0.05959971367029181,-0.13270945577568707,-0.13310211783226528,0.36429309048578873
0.9725823181718747,0.9459163656205777,0.3115943239483114,0.3168704275103073,0.5582063453135511
-0.3875187927886945,0.15017081476440713,-0.28372166431063467,-0.28767304682089395,0.5326552959566202
0.5662123450421666,0.32059641967814945,-0.13488536779182309,-0.13529777208535768,0.3672674336118343
0.3288761423227935,0.10815951698912232,-0.134102583196086,-0.13450781019937078,0.36620019551617666
0.447851563957103,0.20057102333882312,-0.14401221330412436,-0.14451470788824183,0.37948941132016367
0.20481494126281108,0.041949160164488755,-0.019920974081489025,-0.019922291907358725,0.14114168087949436
0.5066529494690177,0.25669721120565503,-0.25427094720496995,-0.2570937995491977,0.5042528603835281
-0.39494398223329363,0.15598074910229215,0.2878557629411862,0.2919870762287567,0.5365219128248037
-0.8842942923393768,0.7819763954639992,-0.11810025582687173,-0.11837653063038589,0.3436571777613145
-0.5341632974741775,0.2853304283684866,-0.03113467174921098,-0.03113970410267547,0.17645019622888206
0.9456814726969598,0.8943134478022907,0.26175584427147736,0.26484103019229116,0.5116208012497903
-0.855266618104775,0.731480988044379,-0.18310357568435165,-0.18414247712979298,0.42790603604570904
0.23294117788615298,0.05426159235498837,-0.014297837262668719,-0.014298324454225797,0.11957356423001164
0.09442176986841466,0.00891547062508386,0.33010224099499547,0.3364118855311988,0.5745452471259296
0.6211700855239342,0.3858522751498117,0.37814163877596507,0.38778805503089736,0.6149322229123833
-0.07149268028788192,0.005111203334745299,0.2945388658599905,0.29897294291504667,0.542714350151155
-0.5889734215833191,0.34688969133156217,0.07702793368046261,0.07710430945173458,0.2775390669445702
-0.43496560136033025,0.18919507436675373,-0.018017793325153894,-0.018018768352969894,0.13423037407812694
0.7574251948792086,0.5736929258378071,0.061110038821922785,0.061148138145924735,0.24720444741533834
0.8891142997465231,0.7905242380137502,0.020448942083634254,0.020450367504194933,0.14299979749508127
-0.4171367582802532,0.1740030751085584,0.02742614877665807,0.027429588236763225,0.16560842000531878
0.589941923943849,0.34803147362657016,0.01972284102511223,0.019724119915149996,0.1404380326874178
0.33441009314066594,0.11183011039434887,0.17918522988130559,0.18015821486482142,0.42330276384794085
0.8332295368619351,0.6942714610991549,0.22876262478430037,0.23080641117431105,0.4782913597215617
0.15056265563181404,0.022669113270904224,0.19609050969203776,0.19736942698818155,0.44282108090292827
0.11817063295459551,0.013964298492889734,-0.029038456745030063,-0.029042539320219385,0.17040673914205995
0.4357178914864299,0.1898500809613803,0.23730019311077077,0.23958571275974233,0.48713467656364884
-0.38013651096451273,0.1445037669682731,0.09401070659351704,0.09414973822369749,0.30661165436675275
-0.040695696110511825,0.0016561396819191273,-0.21938343752225536,-0.22118246776716505,0.4683838570256829
-0.05047987844483259,0.0025482181278050743,0.14020524387673317,0.14066870307457363,0.37443990689659823
-0.32213330201642054,0.10376986426800242,-0.11596009243723825,-0.11622155861631045,0.3405291359593746
0.30872925787130834,0.0953137546657688,-0.03998263945657062,-0.03999329991147782,0.19995659393120954
0.23314518191779499,0.05435667585148172,-0.2285155446987978,-0.23055260816554934,0.4780329954080553
-0.08517813432438248,0.007255314566982545,0.2803912681038728,0.284201704388998,0.5295198467516329
-0.4755931984274573,0.22618889039045875,0.22637428535939794,0.22835371748420302,0.47578806769337745
0.2150444934640272,0.04624413416920004,-0.1552940489594228,-0.1559251064700349,0.39407365930676314
0.7858250458510563,0.6175210026868148,0.09326925045112507,0.09340500981955813,0.3054001480862854
0.4180292146651925,0.17474842431359758,-0.2231170380527329,-0.22501095198903093,0.47235266279839355
-0.05355697181726815,0.002868349230235655,0.16795191599249265,0.1687517039409137,0.4098193699576591
0.07384099088383378,0.005452491934706424,-0.11797796318682488,-0.11825337701680672,0.3434792034269686
0.5291010496128925,0.2799479207014645,0.2743251161641983,0.2778878248038145,0.5237605523177536
-0.7990909928390788,0.6385464148365447,0.17364843876163194,0.17453319032194736,0.4167114574398356
0.21698055473402067,0.047080561132683336,-0.0672987097345573,-0.06734961416562651,0.2594199486056485
-0.06327348776209729,0.004003534253580275,-0.04798774639133226,-0.048006183390898405,0.21906105630926795
0.10092287533342947,0.010185426765566948,0.3678683797919707,0.3767156125120273,0.6065215410782792
0.20510147758792407,0.04206661610874972,0.0779291910261406,0.07800828416015415,0.2791580036935008
0.9404480975643554,0.8844426242124154,0.14976822645674748,0.15033385110525216,0.38699900058882253
-0.5687361373040845,0.3234607938755704,0.21866965143270012,0.2204509188471801,0.46762126922617636
-0.6885361224153979,0.4740819918708317,0.07291606561032457,0.07298083347043877,0.2700297494912821
0.0740261550157808,0.005479871626420409,-0.21597838365446614,-0.21769375248811507,0.464734745477962
-0.8888526235571939,0.7900589864045066,0.05879798806738031,0.058831920317794495,0.24248296448901377
0.35080524983180883,0.12306432330955781,0.30345163444686174,0.3083130189614675,0.5508644428957652
-0.5132758271178857,0.26345207470354964,-0.2858908214541558,-0.2899359212563537,0.5346875923884487
-0.6337113918928696,0.40159012821479817,0.26184415590794885,0.2649325332592562,0.5117070997240012
-0.9077654914677089,0.8240381874996111,0.2740804397403236,0.27763339662973546,0.5235269236059628
-0.15785739952318711,0.024918958584223116,0.33838278638392805,0.34519776921257544,0.5817067872940181
-0.24754141402042196,0.06127675165522996,0.28827398467161397,0.2924238107483022,0.5369115240629633
0.22869089057968606,0.05229952343412994,0.00717126844362912,0.0071713299112975415,0.08468334218504321
0.4387138520445941,0.19246984397580602,-0.2949857705662337,-0.299440626527808,0.5431259251464928
0.9505258082155437,0.9034993120838125,0.02839370362097341,0.028397520184443303,0.16850431336014343
-0.3847548679982462,0.14803630844834786,0.048826617179202975,0.04884603877848542,0.22096745728546313
0.7922130183137874,0.6276014663858414,0.20243630777095029,0.20384510092326652,0.44992922529098983
-0.972263384098891,0.9452960880594277,-0.08248133810629707,-0.0825751480263564,0.287195644302446
0.20437871331148227,0.041770658454857064,0.2126406084872564,0.21427658021918333,0.4611297089618673
0.7918187762554143,0.6269769744306218,-0.18665902819279043,-0.18776029994400334,0.43204053998761555
-0.07933215491764378,0.006293590803877033,-0.2553204676858956,-0.2581791419197556,0.5052924575786736
0.3644455279449126,0.13282054283904607,0.06810718780377671,0.06815995155773819,0.2609735385125793
0.9936508022904973,0.9873419168925489,0.06383083484206652,0.06387425963864851,0.2526476495874571
0.2088183717199772,0.04360511236778257,-0.26993624700564695,-0.2733268199920416,0.519553892301508
0.402924950246514,0.16234851553115576,-0.2898785210834278,-0.29409990650698487,0.5384036785567385
0.8707430477500577,0.7581934552050593,-0.08623633799344345,-0.08634358299504091,0.2936602424459999
0.4336008321780478,0.18800968166549556,-0.14372200641486563,-0.14422145024338245,0.37910685355828855
-0.10401473758380053,0.010819065634626887,0.013888116692079734,0.013888563186995606,0.11784785399861863
0.05096081434538613,0.0025970045987449126,0.15506948790453784,0.15569779170862558,0.39378863353903176
-0.09274422907936941,0.008601492027526551,0.02716014589600798,0.027163486225053546,0.1648033552328592
0.29582073446864454,0.0875099069415683,-0.1850799559163588,-0.18615322326984945,0.43020920017633146
0.32346201630533167,0.10462767599231065,-0.14153603681341784,-0.1420129004387794,0.37621275471921184
-0.053978232248953706,0.0029136495567219857,-0.1813013139222792,-0.18230953351618318,0.42579492002873776
-0.6220936193883508,0.3870004712836983,0.3753619034494902,0.38478719774550046,0.6126678573660367
-0.5537336514508688,0.3066209567491123,0.13689251460706323,0.13732371172443641,0.3699898844658638
-0.5901758636537862,0.3483075500394924,-0.258151131991332,-0.26110797725582163,0.5080857525962836
0.09450954435946946,0.008932053975034524,-0.2333198222862614,-0.2354903421621034,0.4830319060748072
-0.6642653665570595,0.4412484772071846,0.18376992180235557,0.18482032531880832,0.42868394161941215
-0.4781361670955846,0.2286141942848568,0.31205922173826667,0.31735972203500645,0.5586226111949522
-0.7100230862687396,0.504132783034586,0.1363291571529582,0.1367550226845563,0.36922778491462177
-0.8319555976600983,0.6921501164779713,0.04762182608541151,0.04763984424650769,0.2182242564093449
0.3872775380344067,0.1499838914659913,0.07627490295172495,0.07634905671513964,0.2761791138948146
0.6816884776806285,0.4646991806025327,-0.20103761864229408,-0.2024170505692402,0.4483721876324334
0.9366000604143185,0.8772196731681051,0.1863755906915761,0.18747179974640638,0.4317123934885077
-0.6732614732919624,0.4532810114192638,-0.052358065891656334,-0.05238201756347674,0.2288188495112593
-0.7989015762578622,0.6382437285472968,0.38228644024253117,0.3922694187425045,0.6182931669059033
0.5035688693864571,0.25358160621515463,-0.2515640911741393,-0.2542959792859306,0.5015616524158714
-0.38482914188793105,0.14809346844620136,0.23688243627110644,0.23915569497803307,0.48670569780012485
-0.6611628510848102,0.43713631565459493,-0.0646031029650368,-0.06464812507008397,0.2541714046958013
-0.30544442080331136,0.09329629419987034,0.3203523251698648,0.3261013901695809,0.5659967536743163
-0.2462949385795059,0.06066119676988259,0.19964224936287253,0.2009928066728927,0.4468134391028011
-0.027806852514955738,0.0007732210467885002,0.266349683015895,0.2696039175267004,0.51609077013244
-0.8536890583972276,0.7287850084271451,0.32874206624897395,0.3349713011502889,0.5733603284575712
-0.2252972492353189,0.050758850513001406,0.24327800396800092,0.24574396309944563,0.49323220086284
-0.646156990555568,0.41751885644382836,-0.017646134966202476,-0.01764705088801416,0.13283875551284902
0.9999299602394593,0.9998599253844868,-0.11740813512714239,-0.11767956093986223,0.3426487051298201
-0.7613155167607897,0.5796013160607483,0.08516591979208742,0.08526921201238846,0.2918320061132559
-0.7466002838689711,0.5574119838732283,-0.2648892546386621,-0.2680890726477701,0.5146739304051275
0.45606030627989935,0.2079910029641156,0.05004507285556497,0.050065986159260056,0.22370756101563705
0.14692999654289918,0.021588423884096365,0.3685535191342349,0.3774525257233225,0.6070860887339083
-0.9748056314224214,0.9502460190528657,0.04641462268416478,0.04643130416429153,0.2154405316651553
-0.05142442954709381,0.0026444719542440148,0.0520226883932099,0.05204618237165637,0.2280848271876275
-0.888885207171028,0.7901169115274814,-0.2680401543029012,-0.27135816928169354,0.5177259451707062
-0.16191505840955212,0.026216486139768673,-0.26624056549068986,-0.2694907123366959,0.5159850438633758
0.5763976880468429,0.3322342947857456,0.00880870823898999,0.008808822159151242,0.09385471878914767
0.8710985982293677,0.7588127678371694,0.026494515268192825,0.026497615926472706,0.1627713588694056
0.6752310655519747,0.4559369918864551,0.11773155658369602,0.11800524111501492,0.34312032376951385
0.9112447914894788,0.8303670700167036,0.19811731883839742,0.19943679287800892,0.4451037169451603
0.9236289962321875,0.8530905226808783,-0.23229152848013976,-0.23443299588539102,0.48196631467369144
0.5219457885800944,0.27242740621649664,-0.17953379047951476,-0.18051252103663434,0.4237142792962196
-0.28546795177910256,0.08149195149295602,0.068852888868957,0.0689074073027765,0.26239834006517077
-0.49851034253678317,0.24851256161614088,-0.024535439609142215,-0.024537901948773866,0.15663792519419495
0.9345138699891691,0.8733161732021336,0.2715933197818794,0.2750481940219925,0.5211461597113418
-0.5195888471229373,0.2699725700545431,0.019286772412947874,0.019287968327426575,0.13887682460708797
-0.6375349992621719,0.4064508752842176,-0.03749075278857063,-0.037499540910354734,0.1936252896410245
0.5097662404958767,0.2598616199493,0.16188245608346352,0.16259797318567615,0.40234618934875416
0.10661001639502321,0.011365695595747117,-0.1000272199723956,-0.10019477830076026,0.31627080164377425
-0.4160779530183423,0.17312086298793383,0.15365397863381755,0.1542651107677998,0.39198721743676485
0.8542158614990865,0.7296847380366265,0.14335158977750062,0.1438471577981809,0.37861799980653404
-0.36493250618597073,0.13317573407117356,-0.25573134380900614,-0.2586041265991342,0.5056988667270337
-0.8092016079082032,0.6548072422412213,0.2606492344864992,0.26369462163332696,0.5105381812230102
-0.16742708380657367,0.028031828391973445,0.33042905643206777,0.336758129398161,0.5748295890366707
-0.23698802377701478,0.05616332341373492,0.08109651106343196,0.08118566565030244,0.28477449159542356
0.909992489713435,0.8280863313348562,0.22382835427402073,0.2257407240248795,0.4731050140021988
0.9397142093043243,0.8830627951684513,0.24098726221166894,0.24338296486302274,0.490904534723065
0.28545382771589334,0.08148388775765492,0.011807428340155524,0.01180770271352255,0.10866199123960284
0.8023223101658301,0.6437210893898345,0.048566716804359374,0.04858582969437325,0.22037857610112507
-0.19402002937742635,0.037643771799617386,-0.11181790706619303,-0.11205224238934186,0.3343918465904829
-0.7257021681045648,0.526643636791666,0.38022268485837185,0.39003705228727953,0.6166219951140016
0.8113684582854197,0.6583187751004589,0.1187960549893659,0.11907726279530856,0.34466803592640544
-0.46593605036602126,0.2170964030306875,-0.09203427420779357,-0.09216469838758651,0.3033715118592937
0.22621087383874006,0.05117135944288637,0.30723195117185087,0.312282930722428,0.5542850811377218
-0.6540025911778824,0.4277193892673844,0.34956801284589895,0.35710998798176335,0.5912427698043325
0.44443248368161314,0.19752023255140733,0.37510577681900187,0.38451088067627254,0.6124587960173337
0.15486639168097582,0.023983599272285418,0.25320866552463805,0.25599557569544146,0.503198435534768
0.2868383294143795,0.08227622722123208,0.38369293483727,0.39379200690439203,0.6194295237048926
-0.3708017812569262,0.13749396098330935,-0.2412854971653456,-0.24369026795125132,0.4912082014434873
0.671793334889885,0.4513062848024732,-0.16431887718973953,-0.16506746282925872,0.40536264898204366
-0.42949251618753537,0.18446382146110032,0.17638576634372263,0.17731343078715872,0.41998305482926646
-0.6617037083069921,0.43785179758722487,-0.260279203964808,-0.2633113623398157,0.5101756599102
-0.4186494444630906,0.1752673573492544,0.18191538798030066,0.18293399173805186,0.4265154018090093
-0.6444891553177785,0.41536627132222365,0.2849776905920326,0.28898315358785737,0.5338330175176809
-0.995330997099962,0.9906837937880045,0.27684875992283164,0.2805131314422215,0.5261641948316435
-0.5789637420869944,0.3351990146513758,-0.009930695047331834,-0.009930858279955379,0.09965287275002079
0.3074377009137901,0.09451793994315705,0.05299061494852604,0.05301544599226843,0.23019690473272233
0.24229606685453775,0.058707384013178626,0.08490606611152607,0.08500841368826839,0.2913864549211683
-0.08783197777669605,0.007714456320166028,0.2274275903907539,0.22943523077499012,0.47689368877219784
0.782352054050304,0.6120747364767297,-0.08217976239274068,-0.08227254499779513,0.28667012818349363
0.8579849126783636,0.7361381103836993,0.2216848254581104,0.22354194848484438,0.47083418042672986
-0.6830324430416996,0.46653331824751265,-0.22948815937893394,-0.23155177475911493,0.479049224379848
0.7209465425718371,0.5197639172462857,0.2210571348895509,0.22289828848568588,0.4701671350589606
-0.8391745363133809,0.7042139023967778,0.31705913646955475,0.3226270239453129,0.5630800444604255
0.7849663438969317,0.616172161050916,0.1250546584889456,0.125382921937866,0.35363068092141775
0.2746524463699036,0.07543396629697277,0.1377493797450931,0.13818877194692641,0.3711460356047106
0.3277348778098299,0.10741015013302414,0.27789420161346434,0.2816012687114697,0.5271567144725222
0.8656748853342684,0.7493930070984988,0.37644435042688723,0.3859553158009071,0.6135506095073879
-0.0746778393180636,0.005576779685214525,-0.11759441593639428,-0.11786714116798536,0.34292042216291857
-0.8057290893075748,0.6491993653564139,0.32783016465194864,0.33400589509151574,0.572564550642064
0.629772708846954,0.3966136648084303,0.1686659104694157,0.16947603147427526,0.4106895548579434
0.8194460464188722,0.6714918229915204,0.21097108621789865,0.21256829984913367,0.4593158893592716
0.41477065665402435,0.17203469762121054,-0.026149586699328008,-0.02615256780182129,0.1617083383729114
-0.5928843036147728,0.35151179747277417,0.024624899200075972,0.024627388577049103,0.15692322708915965
0.5302975709942108,0.28121551380236004,0.2892379663024083,0.29343068241561215,0.5378084847809751
0.7878418079854999,0.6206947144098612,0.27385070645012205,0.277394523950577,0.523307468368379
0.05704605933428342,0.0032542528855705843,0.1025077431108547,0.1026881197847131,0.3201683043507816
-0.1871460428321836,0.0350236413477455,0.09526170176423637,0.09540637335417196,0.30864494449810187
0.5986814807786431,0.3584195154273089,-0.10463818717645745,-0.1048300840583414,0.3234782638392531
-0.47176689284393647,0.22256400118362224,-0.033592042554518246,-0.03359836344998579,0.1832813208008886
-0.21410647944931616,0.045841584542180444,-0.15138105792981987,-0.15196528331047246,0.3890771876245379
0.8337452641850984,0.6951311655510796,-0.24295507172045772,-0.2454110422550403,0.4929047288477335
-0.6480826403430076,0.4200111087139641,-0.28422902774021563,-0.288202194427757,0.5331313419226219
-0.5929609727699943,0.35160271522833786,-0.20574730887915246,-0.2072272930318877,0.4535937707675806
0.6514677533055748,0.4244102335970133,-0.09871963611688526,-0.09888068988757567,0.31419681111826275
-0.4322889556541234,0.18687374118053265,0.08120217465811692,0.08129167888160205,0.2849599527268997
0.28986615800345383,0.08402238955568327,-0.19241842499641762,-0.1936260326209826,0.4386552461745073
-0.5764396164653898,0.33228263143076564,0.26987526770285986,0.2732634903188819,0.5194952046966939
-0.1451814888711842,0.021077664710853785,-0.050946590502642324,-0.05096865539782694,0.22571351422243713
0.19538794807713322,0.03817645025379251,0.24117662502226467,0.24357808272130094,0.4910973681687417
0.6980815986158149,0.4873179183260117,-0.028548680432047217,-0.028552559846667547,0.16896354764281915
0.5281175139235375,0.27890810851277775,0.3311329850837801,0.3375040476472854,0.575441556618724
0.6673233066563451,0.4453203956067584,0.09693111280259324,0.09708354649863721,0.3113376186755999
0.5409749247638262,0.29265386922322745,0.3527636305506396,0.36052296947533286,0.5939390798311217
-0.8137569447153983,0.6622003650725398,-0.0516155786327167,-0.05163852491489701,0.22719062179746044
-0.14322327669927537,0.020512906988477197,-0.27652866090185435,-0.28018002792568353,0.5258599251719552
-0.6086535900368089,0.3704591926646958,-0.22534766131282688,-0.22729986125896873,0.47470797477273
0.2514141393826548,0.06320906948152097,-0.07659360498379218,-0.07666869380742697,0.27675549675443156
-0.8860766550116055,0.7851318385565558,0.3455998989654809,0.3528780007086712,0.5878774523363529
0.7934989848080691,0.6296406388914363,0.2981324611763396,0.3027355424195685,0.5460150741292218
-0.9864085955074662,0.973001917291012,0.3375837741149339,0.34434879667123613,0.5810195987356485
-0.2824160053033755,0.07975880005151623,0.04795689116294062,0.047975292596869556,0.21899061889254667
-0.42899705004804045,0.18403846894992093,-0.04124357421046237,-0.04125527594603917,0.20308514029948713
-0.09318926165542285,0.008684238487882863,-0.02318430295899795,-0.023186380434674303,0.1522639253368898
-0.9933437517644725,0.9867318091695181,0.06317922888633641,0.06322133575631489,0.2513547868777048
-0.3441390616040947,0.11843169372174688,-0.22590380754838704,-0.2278707278365888,0.4752933910211534
0.6131414139651836,0.37594239351922465,-0.07253086542537283,-0.0725946106202579,0.26931554991380063
-0.4270121906547786,0.18233941096779296,0.04167539989308768,0.041687473241403095,0.20414553605966426
0.8493019089096239,0.721313732477531,0.0011192267149879964,0.0011192269486581252,0.03345484591188542
-0.5307114149046175,0.28165460591006103,-0.1982987119164167,-0.19962185764535867,0.4453074352808593
-0.02956739618761084,0.000874230917315144,0.0654443976811975,0.06549120400541725,0.2558210266596503
-0.0967506105132867,0.009360680634693704,0.12350389967717892,0.12382004642151806,0.35143121613934486
0.2667216247702193,0.07114042512006567,0.26194009892677383,0.2650319460682498,0.5118008391227723
-0.3291184226964645,0.10831893615820869,0.38521378154558183,0.395439470661014,0.6206559284705028
-0.2083153970519771,0.04339530464892287,-0.19637041787384849,-0.1976548851039706,0.4431370192997291
0.9324344255110075,0.8694339578780427,0.12116919075353692,0.12146766745170545,0.34809365227412137
-0.45989389294729976,0.21150239277022242,0.04800858684320549,0.04802704789069823,0.2191086188245581
0.3601388876977083,0.12970001843214254,-0.17273903999950602,-0.1736098376102548,0.41561886386388436
0.09480427557476556,0.00898785066725609,-0.14657655499490008,-0.14710655379729115,0.3828531768118166
-0.7370405614724467,0.5432287892556195,-0.10912498087328573,-0.10934273123326571,0.33034070423319883
-0.6200501922534667,0.384462240913561,0.007009296605549195,0.00700935400155428,0.08372154206385113
0.5211338435979638,0.271580482943187,0.23901248568316216,0.2413487332806113,0.48888903207493023
0.7955249585080848,0.6328599596092901,-0.03322772342397197,-0.03323384081683389,0.1822847317357435
-0.8763840222839028,0.7680489545145122,-0.06821868964445622,-0.06827171333376661,0.2611870778665289
-0.062233081707125715,0.0038729564587657852,-0.13388943885948604,-0.13429272620719113,0.365909058181792
0.7043362577266892,0.4960895639484371,0.3586808717457463,0.3668543495396413,0.5988997176036622
0.750045186107523,0.5625677812030688,-0.058996099886306504,-0.05903037664485611,0.24289112764015588
0.7933286663229979,0.6293703728098266,-0.1163329473405334,-0.11659695416492422,0.34107616061597357
-0.6295524410840772,0.39633627607492045,-0.11774580843559745,-0.11801959278836427,0.34314109114997793
0.35923799461102623,0.1290519367721517,0.01825963277277552,0.01826064759515189,0.13512820864932504
-0.662429899135828,0.4388133712691032,0.23042286058932038,0.23251221470485278,0.48002381252321263
-0.231857205508482,0.053757763746202454,0.28302389282796975,0.28694545104989727,0.5319998992743982
0.40276442808226354,0.16221918452843284,-0.043903554906602395,-0.04391767133337959,0.20953175154759338
0.11317695477642054,0.012809023092463939,-0.23045719389842845,-0.23254749759909726,0.4800595732806799
0.16720513656182412,0.02795755769265825,0.1450240241688032,0.14553725332403278,0.38082019926574695
0.5977402167226136,0.35729336668759704,0.3405962603349502,0.3475510028028444,0.5836062545372096
-0.8143640959873562,0.6631888808333039,0.2732629090620827,0.27678341637095655,0.52274554906004
0.7399828429052817,0.5475746077941829,-0.12822357286665778,-0.12857755820325847,0.3580831926615068
0.03361000564441974,0.0011296324794179266,0.13387825125674113,0.134281436967777,0.3658937704535855
-0.13443648254897367,0.0180731678401405,-0.05227448347825737,-0.0522983205324955,0.22863613773473643
-0.5321933128326939,0.2832297222238376,0.25829909561426007,0.26126113526750144,0.5082313406454388
0.07645497617955055,0.0058453633826156415,0.21245111573498138,0.21408265652183994,0.4609241973849728
0.6125685113498145,0.3752401810973278,-0.09181979292472914,-0.09194930507405341,0.30301780958341235
-0.2893568647331375,0.08372739516819122,0.09410169142916035,0.09424112820124425,0.3067599899419094
-0.7178666113873595,0.5153324717447703,-0.07868237085102618,-0.07876378384969132,0.28050378045763696
-0.22224730306199691,0.049393863718331106,-0.23657944250016902,-0.23884383671174034,0.48639432819490097
0.461866402991437,0.21332057421224848,0.18322412136134497,0.1842650972449673,0.42804686818308224
0.4714818693978535,0.2222951531708946,-0.1257742693792362,-0.12610825979605714,0.3546466824590866
-0.25053199713298446,0.06276628158744174,-0.04816963004044479,-0.048188277622923215,0.2194758074149513
0.7436660471069292,0.5530391896196454,0.29805376550311524,0.302653098585506,0.5459430057278097
-0.06707482653412611,0.004499032354583108,0.026653098543416503,0.026656255224690728,0.1632577671763782
-0.7313493941416656,0.5348719363113813,-0.16793338178401312,-0.16873290269395075,0.40979675667825033
0.8463125063614612,0.7162448584238182,0.17014778698083166,0.17097964100352797,0.41248974166739183
0.5937938177404267,0.3525910979867511,0.21971520472235417,0.22152253206110556,0.4687378848806166
-0.06041950086692638,0.0036505160850085175,0.004013820220440572,0.004013830998129575,0.06335471742846441
0.39242007125501277,0.1539935123237893,0.1218682055171397,0.12217190120633564,0.3490962696981159
0.61343835288693,0.3763066127926297,0.2305383937624912,0.23263094444922522,0.48014413852768334
0.26594045194380067,0.07072432398007296,0.22848628223292525,0.23052255048460063,0.47800238726697303
0.8960765447352366,0.8029531740246404,-0.16066619375966396,-0.16136557825711562,0.400831877175037
-0.40504092618502097,0.1640581518848196,0.05591124477937855,0.055940416219988354,0.23645558732958405
0.253674262245595,0.0643506313258469,0.1809825694339728,0.18198542732545192,0.4254204619361565
-0.6183928469700883,0.3824097131837711,0.17493499632138695,0.17583974604168678,0.41825231179443223
0.8395457223337646,0.7048370198889226,0.24482576542938514,0.24733998498555915,0.4947987120328681
-0.45560855889820084,0.20757915894129536,0.3894042841912677,0.3999847370889484,0.6240226632032427
-0.1599997285445489,0.02559991313432934,0.0648415627032447,0.0648870858350909,0.25464006500007946
0.3835573707190938,0.14711625663294434,-0.0691847845966434,-0.06924009637674464,0.2630300070270375
-0.9814425730019667,0.9632295241007207,-0.2880253754173686,-0.292164189768212,0.5366799562284478
-0.46341059866297063,0.21474938295317283,0.099731145600231,0.09989721598863766,0.315802383778576
0.013820808638376203,0.00019101475141861427,0.006363515056944614,0.006363558005433867,0.07977164318819448
-0.2864972527581142,0.08208067583794679,-0.1559896840136299,-0.15662932344469713,0.39495529368984267
0.5830546651145081,0.3399527425117912,0.005444376889175007,0.005444403785880514,0.0737860209604435
-0.6106764047165005,0.37292567127747117,-0.08270807880702233,-0.08280266610683643,0.2875901229302257
0.12197541053464689,0.014878000775095648,0.38434238658132563,0.3944953900452262,0.619953535824521
0.893230677288855,0.7978610428499066,-0.25292055873433483,-0.25569777531677396,0.5029120785329527
-0.9954619860395999,0.9909445656499046,0.3480732584010922,0.3555150547642946,0.5899773371927877
0.7954962500569684,0.6328142838546988,0.3167325336482774,0.3222826734150201,0.5627899551771313
0.8921750527769323,0.795976324797522,0.19776664710872785,0.19907904260547388,0.4447096211110435
0.5085515196743076,0.25862464816304764,-0.08969627414539613,-0.08981698574401684,0.29949336243963093
0.39734833627411437,0.15788570033980667,-0.23615625719810607,-0.2384083101711959,0.4859591106236265
-0.6821964502865017,0.46539199678350335,0.2648222387451446,0.26801957485207323,0.5146088210914622
-0.45276286893359674,0.2049942154849813,0.04868801692432063,0.04870727348364623,0.22065361298723532
-0.8066388427123732,0.6506662225723567,0.0065339833247833766,0.0065340298181675305,0.08083305836588998
0.9267582020629468,0.8588807650909457,0.355908462276306,0.3638860031464249,0.5965806418886771
-0.2660754070858147,0.070796122255882,0.20135099529562597,0.20273696912609446,0.4487215119599527
-0.9545058433706142,0.9110814050286474,0.25105897286805234,0.2537741123059338,0.5010578538133619
-0.7188874077418237,0.5167991050097591,0.22107817835558374,0.2229198658075891,0.4701895132343806
0.3398136511634746,0.11547331751705162,0.29336526777883454,0.29774509878469296,0.5416320409455432
-0.7549311701696435,0.5699210716937072,0.11962483449385548,0.11991199479089848,0.34586823284866086
-0.5469834963869193,0.299190945319659,-0.1052880916927463,-0.10548359852664696,0.3244812655497175
-0.39949975453844466,0.15960005387627754,0.26089061305434347,0.2639446509727426,0.5107745227146157
-0.3332502543303921,0.11105573201127103,0.35467676663906955,0.3625683363887136,0.5955474512069291
-0.9249595951024232,0.8555502525720386,-0.15966093815129498,-0.16034717551984676,0.39957594791390405
-0.7897777658938792,0.623748919500327,-0.04682967867614573,-0.0468468119840143,0.21640166052076804
-0.29499336440555113,0.08702108504330627,0.2769409942533113,0.2806091188599487,0.5262518353918695
-0.7181990142010499,0.5158098239993599,0.22535848618303225,0.22731097192706834,0.4747193762456218
-0.7088535812242027,0.5024733996143773,0.18620747548186614,0.18730068916206555,0.43151764214440425
-0.5393447619754732,0.29089277227037985,-0.1723207891970437,-0.17318521934712303,0.4151153926284157
-0.18299787370276932,0.03348822177973471,0.29614129248266924,0.30065018800906856,0.5441886552315008
0.984823410531179,0.9698771499302632,0.10778293267204239,0.10799271984829961,0.328303110969181
-0.47774866022599727,0.22824378234773537,-0.16208157942377616,-0.162799761400049,0.40259356604865926
-0.9360019652934706,0.8760996790332393,-0.23250172310834902,-0.23464910740942319,0.4821843248264599
-0.6779711734125629,0.4596449119784074,0.22884964306495195,0.23089580078166022,0.47838231893011257
0.635457599682679,0.4038063609944719,-0.0823888456435422,-0.08248233968440721,0.2870345722095898
-0.43758192979380794,0.19147794528207307,-0.16245427618320918,-0.1631774639538035,0.4030561700100982
-0.10236933860253483,0.010479481485920428,0.21989570113733498,0.22170755340901888,0.468930379840478
0.12467450925537937,0.015543733258069677,-0.2136920743088494,-0.21535278159566731,0.46226840072500025
0.39295712787987114,0.1544153043515974,-0.17974337291712986,-0.18072556919792152,0.423961522920571
-0.6389002871041216,0.408193576861729,-0.09111341036685157,-0.09123994898280496,0.3018499799020228
-0.7257460649927285,0.5267073508524297,-0.11867544484954602,-0.11895579336723347,0.3444930258358593
0.06797618064045374,0.004620761134463598,0.24060758841237212,0.2429917806195318,0.4905176739041847
0.6658299491332067,0.4433295211627286,0.1260180903594003,0.1263540363168284,0.35499026797843386
-0.07075612223536942,0.005006428833786539,0.32836852700096714,0.33457580587442276,0.5730344902368156
-0.13175021214263172,0.01735811839962846,0.2576367582989243,0.26057559477712283,0.5075793123236252
-0.5204526692136398,0.27087098089160233,-0.1784046236058847,-0.17936482415657243,0.42237971495549437
0.9149323476772209,0.8371012008261509,-0.06735703966302563,-0.06740807675130817,0.2595323480089248
0.24448086245829614,0.05977089210835232,0.3431543989310592,0.3502731655590032,0.5857938194715434
0.12977310964473143,0.016841059986863485,0.03461808390529635,0.03462500208981045,0.1860593558660686
0.8031100577091113,0.644985764793532,0.15402003191930197,0.15463557396116495,0.39245385960556173
-0.6104802089667545,0.3726860855400922,-0.045365788296259785,-0.045381363604583946,0.212992460655911
0.4074074138162014,0.16598080083240555,0.16669106727140737,0.16747282600134683,0.40827817388565774
0.38519713182762416,0.14837683036822807,-0.2709634664219348,-0.27439380153618165,0.5205415126788014
-0.7556090652395133,0.5709450594721311,-0.27370426486695576,-0.2772422650192286,0.5231675304020269
0.821333119616467,0.6745880933789178,0.25370149726744656,0.2565050430007269,0.5036878966854837
0.32781534677504975,0.10746290158124612,-0.10752577139300172,-0.10773405530923175,0.32791122486581903
0.09778035555898934,0.009560997933242377,0.03613828719892517,0.036146157780023835,0.19010072908572753
0.07730129898866256,0.005975490825334604,0.1348768255470195,0.13528915105982486,0.3672558039664172
-0.016885201202751166,0.0002851100196573894,0.22840160862523595,0.2304355770440682,0.4779138087827511
-0.3070507279319117,0.09428014952351685,0.07047332822144123,0.07053179316028452,0.26546813033100836
0.23963859179968394,0.057426654679735546,0.33084185668907123,0.3371955296875227,0.5751885401232114
0.9438198198691274,0.8907958523777921,0.3817291860821583,0.3916664336321795,0.6178423634570215
-0.31439978388446144,0.09884722410659606,-0.27200734865388765,-0.27547841930259925,0.5215432375689361
-0.5678904797737896,0.3224995970177049,0.2907563551602096,0.2950172502538357,0.5392182815522946
-0.39570271944665003,0.15658064217747422,0.16714809259601818,0.16793635439567078,0.4088374892252644
0.7180386295729768,0.5155794735590387,0.22785502626506798,0.22987419154354688,0.47734162427455246
0.6918779030783042,0.4786950327680313,0.05916323567695879,0.05919780488748988,0.24323493926029374
-0.3161698718191841,0.09996338784615931,-0.03317866612721214,-0.033184756456028475,0.18215011975623882
0.9390351759313327,0.8817870616363889,-0.10670616332081423,-0.10690970433739494,0.3266590934304665
-0.05430593525512806,0.0029491346039341605,0.22937791704910698,0.23143851105745,0.4789341468814966
-0.5145230692661724,0.26473398880708243,-0.2418473692284988,-0.24426928812069323,0.4917797974993471
0.285592822955012,0.08156326052341283,0.17370344174937238,0.1745890420970917,0.4167774487053881
-0.938642777228212,0.8810502632426908,-0.08256983014864976,-0.08266394295299839,0.2873496653010923
0.726287471826959,0.5274934917327957,0.000972529552302817,0.0009725297056081827,0.031185406078850682
-0.6004506726878962,0.36054101033134706,-0.0047979524311638,-0.004797970839776566,0.06926725367129695
-0.07437731014183546,0.0055319842639347805,-0.0798713911691597,-0.07995655833618043,0.2826152705873476
-0.5286236474346204,0.2794429606270819,0.08043659273974382,0.0805235843247919,0.2836134565561793
0.39118494183917973,0.15302565872172244,0.10614530366392493,0.10634564116296064,0.3257994838300468
-0.7346396435400557,0.5396954058606601,0.016287963261629294,0.01628868354094909,0.12762430513671483
-0.6495809774487991,0.4219554462633372,-0.012121545714007505,-0.012121842573866948,0.11009789150573004
0.9232469138536583,0.8523848639403043,-0.16385923863078583,-0.16460150850123112,0.404795304605656
0.624789479657857,0.39036189389113574,-0.2915952463404973,-0.29589413737029435,0.5399955984454848
-0.8388445284344572,0.7036601428844269,0.09532069465766496,0.09546563592549756,0.30874049727508207
-0.09823096606724668,0.009649322694504569,-0.10601749075384302,-0.10621710296952655,0.3256032720257016
0.26110100532757197,0.06817373498306877,0.09189659059302223,0.09202642881392387,0.30314450447438795
0.5425483864548346,0.29435875164474457,0.1834485800593595,0.18449342606121089,0.4283089773275357
-0.5822207589101811,0.3389810121059472,-0.048327987336971454,-0.04834681956580411,0.21983627393351501
-0.9537939586953954,0.9097229156438337,0.26145100881542177,0.26452519594895313,0.5113228029488043
-0.2870774851004243,0.08241348245158434,-0.2172300505654707,-0.21897585730575633,0.4660794466241466
0.1424510875105287,0.020292312332932307,0.3347059959914927,0.3412932134914219,0.5785378086102002
-0.4206525126872278,0.17694853643007835,-0.027878338716521442,-0.027881951162447793,0.16696807693844187
-0.1012418828336108,0.010249918839694576,0.3434162454321831,0.3505519536903377,0.5860172740049419
-0.013495425641519843,0.00018212651324579126,0.2426729710341011,0.24512023864680405,0.49261848425947347
0.9393206843636117,0.8823233480733239,0.12027759351619201,0.120569501161292,0.3468106017932439
0.8748277399727764,0.7653235746258757,-0.020406112970080055,-0.020407529451890505,0.14284996664360847
0.42448784219759506,0.18018992817357035,-0.2137580419971135,-0.21542030959586259,0.46233974736887323
-0.26244203812312983,0.06887582337422234,-0.09743430289874193,-0.09758912974933712,0.3121446826373019
0.07137129208873216,0.005093861334415122,0.12480455186078389,0.12513084040346079,0.35327687705365585
-0.5250445153895251,0.27567174314062126,-0.19457322239920555,-0.19582233827071832,0.44110454815066863
-0.9444090341987685,0.8919084238762508,0.36421843752846217,0.37279346077447445,0.6035051263481216
0.2269951516721298,0.05152679888265321,-0.05529942934346099,-0.055327652722887005,0.23515830698374446
0.14268178296598544,0.020358091190352572,0.2598798834022636,0.26289781028763654,0.5097841537378968
0.9133807465635524,0.8342643881929923,0.36137189369411693,0.3697387978172368,0.6011421576416986
0.4633307637548061,0.21467539664161192,-0.21815724919582374,-0.21992583925180856,0.46707306622821204
0.6847762905174328,0.4689185680548156,0.1745290069896961,0.17542741339398882,0.4177666896602649
0.6637695327762971,0.4405899926420638,0.13221769166888836,0.13260598170611387,0.3636175073740102
-0.06952419603016624,0.004833613833640983,-0.007045219793212614,-0.007045278076238337,0.08393580757467348
-0.017674351184830517,0.0003123826898047199,-0.04509584925008578,-0.045111148008892266,0.2123578330320918
-0.3143378247201505,0.09880826804979605,0.3512071838839308,0.35886010858138456,0.5926273566786558
0.2518859663831359,0.06344654006076625,-0.17454475914018325,-0.17544341109906253,0.41778554204302387
0.6131505873068441,0.37595364271472786,-0.20565612578288348,-0.20713411734910037,0.4534932477809162
-0.5905585628051646,0.34875941610250155,0.06242653065621254,0.06246714870572917,0.2498530181050702
-0.3291995489692039,0.10837234304152728,0.06758025399375311,0.06763180086142223,0.2599620241376673
-0.6570211655854261,0.4316768120272319,-0.08050720275052634,-0.08059442407755607,0.28373791207825283
-0.23556398422033897,0.055490390661760106,0.07490379086794717,0.07497401055946307,0.2736855693454574
0.016403695262279694,0.00026908121825773725,0.1951785183558288,0.1964394658618815,0.44179012931009315
0.24547106009299036,0.060256041343176484,0.04961255002186067,0.04963292536242786,0.22273874836197827
0.5607117151678527,0.31439762752647515,0.03683523951380107,0.03684357449351039,0.19192508828655275
-0.7662314691773735,0.5871106643577163,0.0926934807270564,0.09282673491307786,0.30445604071369053
0.7530696266313555,0.5671138625546891,-0.14225037646152505,-0.14273454168993902,0.37716094238603903
-0.7033598655173181,0.4947151004205398,-0.04433465222967505,-0.04434918883778177,0.21055795456281165
-0.08094109966709184,0.006551461615318095,0.376208048607154,0.38570026444945776,0.6133580101434675
-0.6778802613063377,0.45952164866874873,0.31759865451434355,0.32319594644963606,0.5635589184054703
-0.18830070807593624,0.03545715666189896,-0.06441834402588255,-0.06446298047704158,0.25380769102980816
0.43352803524257344,0.18794655734128599,-0.051513583956121316,-0.05153639437012028,0.22696604141615837
0.6851833314551103,0.4694761977039236,-0.27155886803113033,-0.27501239690722284,0.5211131048353422
0.9587208939459715,0.9191457524885627,0.05135065839032304,0.051373252885180576,0.2266068365921978
0.3911227179944612,0.15297698053137482,0.06722067208209223,0.06727139939603144,0.25926949701438506
0.6914927596232392,0.47816223661136287,-0.10228993015389877,-0.10246915582647353,0.31982796962413834
-0.31203666969102617,0.09736688323186657,0.08867777626719407,0.08879441276144956,0.2977881399035127
-0.09653742170086188,0.009319473788650038,0.34947407376435796,0.3570097251760143,0.5911633224112927
0.41837165023895917,0.17503483772366998,-0.10846142605911287,-0.10867521429532284,0.32933482363563205
-0.5722209645719196,0.3274368322956181,0.19649982109401212,0.19778685960658798,0.4432830033894962
-0.31614513163300884,0.09994774425525249,0.28072810694529704,0.28455263792326096,0.5298378119248353
-0.00835931256771838,6.987810660481445e-05,-0.07886200127338666,-0.0789439741879146,0.280823790433408
0.46003279430154254,0.21163017183288535,-0.018695840223906718,-0.018696929535266138,0.13673273281810291
-0.8366986562869687,0.700064641432419,0.19114706282069432,0.19233062420385127,0.43720368573548685
-0.40162650824036716,0.1613038521213497,-0.0946151781742825,-0.09475691624918142,0.307595803245562
-0.2833957987094442,0.08031317872616382,0.04448885516333656,0.04450354407216445,0.21092381364686294
-0.8864635456359611,0.7858176177414796,-0.0036799478800577418,-0.00367995618576078,0.060662573964988836
-0.9834585580328681,0.9671907353680882,0.3285910564000862,0.33481140863622677,0.5732286248959364
0.5001727584347084,0.2501727882801852,0.35947578993728385,0.36770607128071225,0.5995629991396099
-0.9611063969897771,0.923725506334671,0.18485841305212436,0.18592779040803475,0.4299516403645
-0.06560291530283258,0.0043037424962306245,-0.11673833728057653,-0.11700512517691886,0.3416699244601089
-0.2929450613301654,0.08581680895773437,-0.23260508650831693,-0.2347553845428481,0.4822914953721628
0.7448185083341412,0.5547546103570952,0.0488097995745149,0.04882920109790145,0.2209293995250856
-0.6938768987187192,0.48146515057550765,-0.07840636007169315,-0.07848691772456648,0.28001135704055496
-0.3970255400351954,0.15762927944023855,0.05544480610207861,0.0554732528632062,0.2354672081247803
0.9561001400833458,0.9141274778673933,-0.009400312528934482,-0.00940045097891462,0.09695520887984556
0.723760926743251,0.5238298790802495,0.2970700701929578,0.3016227301262872,0.5450413472324441
0.07009545453409016,0.004913372746340701,-0.20488820435939534,-0.20634948714754248,0.452645782438537
-0.38279146227986294,0.14652930359435573,-0.09291734604445073,-0.093051570562072,0.30482346701730617
0.3396726313933913,0.11537749651771069,-0.046513909665523163,-0.04653069849626762,0.21567083638156356
0.18941342617439938,0.035877446015124645,-0.05894743493763455,-0.058981626854526376,0.24279092845004435
-0.3580495758292692,0.12819949875151962,-0.20854004833171003,-0.21008194954216014,0.4566618533791826
-0.1463892719439892,0.021429818940291227,-0.04225497851392046,-0.04226756288678574,0.20556015789525084
-0.7427273898765596,0.551643975672847,-0.25645417320520414,-0.259351892349403,0.5064130460456209
-0.937107735323961,0.8781709076040028,-0.21594630541540147,-0.2176608989614342,0.464700231778941
0.8583416815193174,0.7367504422334094,0.33169472759706076,0.3380994383925859,0.5759294467181382
-0.4550013403809423,0.20702621974845412,0.0584952424344861,0.0585286527013279,0.2418578971927237
0.12966807230335453,0.016813808974867978,0.36960716875383876,0.37858621686283117,0.6079532619814115
-0.5918270855579988,0.3502592992000748,-0.005771135826359862,-0.005771167862423376,0.0759679921174692
0.9751981449079477,0.9510114218319025,-0.1323678866529678,-0.13275750850744764,0.36382397756740525
-0.8406119293750969,0.7066284158077228,-0.09356991812935204,-0.0937069981457535,0.3058920040297753
0.8865069569741106,0.7858945847634976,0.32607677133363316,0.33215053145911994,0.5710313225503774
0.6489258307931935,0.42110473387063646,-0.24931553930845846,-0.2519734116223564,0.4993150701795996
-0.8202282684257061,0.6727744123246321,-0.048129758237043824,-0.048148359519742334,0.21938495444547657
-0.9030744618651181,0.8155434836729726,-0.08779806070528412,-0.08791125233914257,0.296307375381181
-0.3450504515084507,0.1190598140861857,0.31217706036927895,0.31748375704635184,0.5587280737257426
0.8774319693124912,0.7698868607715965,-0.20490325376327742,-0.2063648627634646,0.4526624059531313
-0.2391142904915804,0.05717564391729189,-0.19387284021281642,-0.19510836006393584,0.44030993653654515
-0.710425843415535,0.5047048789926744,-0.2694844455828238,-0.27285763112776323,0.5191189127577841
0.5706997897934936,0.32569825007033776,0.2097981851961804,0.21136854670141453,0.4580373185627787
-0.7803214524910009,0.6089015692176655,-0.24248588869752022,-0.2449273964107871,0.4924285620245034
-0.35364422728863176,0.12506423949457343,-0.07447102942680099,-0.07454003702458675,0.27289380613491576
0.34882207351702244,0.121676838972715,0.21229556944444206,0.2139234791732187,0.46075543343995634
-0.13677745144285636,0.018708071223202928,-0.06321018591971297,-0.0632523547900127,0.2514163596898837
0.2578554987285955,0.06648945822457271,-0.1566418060395397,-0.15728956170199435,0.3957799970179641
0.7122573534433472,0.5073105375341211,-0.024851309049518436,-0.024853867737237634,0.15764297970261296
-0.5375436138949461,0.2889531368392389,0.03380209189382713,0.033808532146046455,0.18385345222167337
-0.8671684980551653,0.7519812040192512,-0.19438851315892372,-0.1956340335994065,0.44089512716622725
-0.7383676352986903,0.5451867648565798,0.07217681559628292,0.07223963039538583,0.26865743167886297
-0.0772857648746379,0.005973089452257813,0.03789199301634312,0.03790106645374375,0.1946586576968595
-0.6986276895783659,0.4880806486456055,0.03302906960718403,0.033035077899553345,0.18173901509357873
0.19322759182451388,0.03733690224230094,0.053100687589571365,0.05312567382442085,0.23043586437352012
-0.1322120913735978,0.017480037105380573,0.17881750323893786,0.1797844515026903,0.42286818660066855
-0.778312970194845,0.6057710795735217,0.3216386178861144,0.32745955617358197,0.567131922824059
0.5717361167198614,0.3268821871619069,0.36015996763021235,0.36843936299920793,0.6001332915529786
-0.19987653978983277,0.039950631158356606,-0.12050864085001829,-0.12080224137928555,0.34714354502139066
-0.5478885423981203,0.3001818548911369,-0.06595361142822413,-0.06600152030329665,0.2568143520682287
-0.13272968269177188,0.01761716866745845,-0.011448593384060134,-0.011448843493889027,0.10699809990864387
-0.42649171618841786,0.18189518397734197,0.3091449423199473,0.31429380073070673,0.5560080415964749
0.9408384304132935,0.8851769521425498,0.21272792577660632,0.21436594201930054,0.4612243768239124
0.29783687803603187,0.08870680591825013,0.3664631442131087,0.37520485894969563,0.6053619943580112
0.9697098829684532,0.9403372571266911,0.036849845374126666,0.03685819027673881,0.1919631354560731
-0.07915826469794585,0.00626603086999006,0.09571615760858769,0.09586291537501762,0.30938027992842027
-0.7266485326163881,0.52801808995355,0.018745319526913874,0.018746417510818958,0.13691354763833224
-0.0657819540641913,0.0043272654805033735,0.21990959536522853,0.22172179627635374,0.46894519441532667
-0.3833886696997615,0.1469868720541528,0.2895556893742536,0.29376260888438627,0.5381037905221014
-0.17634896987000448,0.031098959174211748,0.3865611657125655,0.3968999773012238,0.6217404327471115
0.9701896322729417,0.9412679225699059,0.3040064922985678,0.30889538888364193,0.5513678375626999
-0.9057336643213654,0.8203534706850077,0.035848599583078115,0.035856282331428235,0.18933726411638602
-0.10021834984871703,0.01004371764639984,0.2752711956758741,0.27887178492233206,0.5246629352983438
-0.4712804489349216,0.22210526154830124,0.19943173753168125,0.20077797463206254,0.4465778068060271
-0.23356691872013258,0.05455350552041702,-0.07294869593889909,-0.07301355092927744,0.2700901626103755
0.34926245819704116,0.12198426470583992,0.10628152932880774,0.10648264179170136,0.3260084804553522
-0.12748520529033835,0.016252477567919716,0.32733886360494224,0.33348590178419096,0.5721353542693741
-0.910523613414191,0.829053250584835,0.016828719095685826,0.016829513528705542,0.1297255529789171
0.26522070271269294,0.07034202114741464,0.051531777407318784,0.05155461201754802,0.22700611755483327
0.24667461182040817,0.06084836411674906,0.38101606423848844,0.3908950085309761,0.6172649870505279
0.5547626220603408,0.3077615668352645,0.1665096778025256,0.16728886559362782,0.40805597385962333
-0.589143832938738,0.3470904558897476,-0.1585646901941933,-0.15923678153524343,0.3982018209327945
0.35097007623004894,0.12317999440892637,-0.17449072362006277,-0.17538853342781424,0.4177208680686934
0.1190123121832043,0.014163930451192477,-0.2627874966185272,-0.26591010660469183,0.5126280294897336
-0.9611722409645658,0.9238520768008452,-0.22350538257532682,-0.22540935736601592,0.47276355884874083
0.13559863029251185,0.01838698853720531,0.3481427975727343,0.3555892334867317,0.5900362680147164
0.5617375957354585,0.3155491264626534,-0.23707325475338298,-0.23935210828299724,0.48690168900239295
-0.7916973073847628,0.6267846265202837,0.08175812446738862,0.08184948341800896,0.2859337763668165
-0.4017439127737963,0.16139817145079963,-0.12279261647305798,-0.12310330758914359,0.35041777419682635
-0.5287275144072785,0.2795527844912989,-0.2420900892251117,-0.24451944166885153,0.49202651272579984
0.4162630726417418,0.173274945645144,-0.040942101465196536,-0.04095354834015391,0.20234154656223358
0.19232009959149954,0.036987020706884303,-0.1945242985353057,-0.19577246140191307,0.4410490885777973
0.778322601564321,0.6057860721058528,0.34004575207430304,0.3469655483557768,0.583134420244855
0.6183747795205565,0.3823873679470969,0.19204379667443194,0.19324428457431803,0.4382280190430912
-0.7186804215094733,0.5165015482610342,-0.08473919073617939,-0.08484093472972434,0.29109996691202045
-0.013947200158692441,0.00019452439226663046,-0.29018526098947206,-0.29442042318930645,0.5386884637612653
-0.9232464111705745,0.8523839357393455,-0.08360165483338927,-0.0836993476979519,0.2891395075623345
-0.29355491441948267,0.08617448777982979,-0.12174973551004017,-0.12205254240129712,0.34892654744235235
0.6498148798833547,0.4222593781178187,-0.09240940113847113,-0.09254143077083574,0.303989146415577
-0.5741516940002609,0.32965016772336925,-0.17700377635383377,-0.1779413202123086,0.4207181673684104
0.9981011917403784,0.9962059889535635,-0.10864109342650966,-0.10885594965478096,0.3296074838751536
-0.21700733456313848,0.047092183254197915,0.0176629092768362,0.017663827813385935,0.1329018783796384
-0.644847842528762,0.4158287400139991,0.08811203045136708,0.08822644362772514,0.29683670671156404
-0.04240567158031694,0.0017982409821776998,0.3324437956773993,0.3388935694631244,0.5765793923454074
-0.6825732966165527,0.4659063052539885,0.2617659143905153,0.2648514641133724,0.511630642544517
-0.5166144100163756,0.2668904486365679,-0.04627080989278412,-0.046287336694014136,0.21510650825296784
0.7885975461472234,0.6218860897894222,-0.04400809441120685,-0.0440223119757604,0.20978106304241775
0.3801893215953773,0.14454392025515325,0.13239282772496327,0.13278267103505964,0.36385825224249524
-0.6510648969372275,0.42388550002388264,0.19409714115852822,0.19533700422093409,0.4405645709297653
-0.17730736781752987,0.03143790268238083,0.13810951871772004,0.1385523863274029,0.3716308904245179
0.9760351340615945,0.9526445829226347,-0.2093477841732132,-0.2109079164612932,0.4575453902873607
0.17340988074759678,0.030070986740895735,-0.013460207545405754,-0.013460614025637141,0.11601813455406769
0.603912541613081,0.36471035791757134,0.2803621813963237,0.2841714022644984,0.5294923808671128
0.45017230819694287,0.2026551070673633,-0.2101809379042178,-0.2117600280255001,0.45845494642790996
-0.11607986880248711,0.01347453594120262,0.3307007037077843,0.3370459574257771,0.5750658255432889
0.09025518375701469,0.008145998195012489,-0.2667326686791776,-0.2700012783023113,0.5164616817143142
0.7869357967852686,0.6192679482620655,0.1718346471809144,0.17269171592086513,0.41452942860660014
-0.5917613690465326,0.35018151789582663,0.3747165989168558,0.384091083037474,0.6121409959452608
0.8170915024208716,0.6676385233283972,-0.10386984422891012,-0.10405753122095385,0.3222884487984484
0.1696868187580447,0.02879361646022551,-0.1092881631723184,-0.10950689538571051,0.33058760287149064
0.20319947631325452,0.041290027173980885,0.10473947867222848,0.10493193522358463,0.3236347921225845
-0.15254690453021214,0.023270558081749656,0.27651908970576294,0.2801700683774045,0.5258508245745773
0.2356576023788579,0.0555345055589519,0.3410266811942135,0.3480088332132259,0.5839748977432279
0.3183975365937446,0.10137699130896492,0.16099847079917898,0.16170223802168227,0.40124614739481174
-0.16957119027048972,0.028754388569750627,0.29047958009035696,0.29472799049125936,0.5389615757086557
0.7428195299565046,0.5517808540848024,-0.08438186792934133,-0.08448232751335355,0.2904855726698683
-0.3860707682134963,0.14905063806895918,-0.05267515270960315,-0.05269954255113721,0.2295106810359883
-0.33613047663633133,0.11298369732376728,0.1389185719299729,0.13936931436634498,0.37271781810100374
0.3185817502210895,0.10149433157393264,0.05028134274160296,0.05030255387661481,0.22423501676054736
0.5731356268480807,0.32848444676254246,-0.10831551257541812,-0.1085284360846398,0.3291132215141441
0.49851246693036066,0.24851467968499394,0.34362724382093524,0.3507766244830059,0.5861972738088563
0.26138773287810424,0.06832354689915518,0.23892894718962113,0.24126270218881224,0.4888035875375928
-0.7964122704186649,0.6342725044734127,-0.02804515620825639,-0.028048833906548276,0.16746688092950315
-0.3192155868242734,0.10189859087156525,0.04821350131795258,0.048232199933261555,0.2195757302571315
-0.8074622005259491,0.651995205278208,0.08497821799268754,0.08508082728047117,0.2915102365144105
0.3982476792957046,0.15860121406441438,0.07680821923391036,0.07688394214814953,0.27714295811712475
-0.5795477519322458,0.33587559676971995,-0.24992180607350803,-0.2525994976439274,0.4999217999582615
-0.651276759438973,0.4241614173853299,-0.06430608209970932,-0.06435048530368473,0.25358643910846124
-0.9594331489675423,0.9205119673377742,0.3480624418186118,0.35550351669902885,0.5899681701741305
-0.32869629385997223,0.10804125359728121,-0.10867929645344811,-0.10889438023102341,0.32966543108650037
0.5003513930114145,0.250351516488463,-0.1378666767225102,-0.13830719884038814,0.3713040219584353
0.05124875053034361,0.0026264344309213945,0.025467446764106356,0.025470200560055944,0.15958523354028203
-0.346611768662757,0.12013971817552457,0.2505552324898379,0.25325373928197265,0.5005549245485833
0.8299490756731076,0.6888154682106457,0.24286343162867707,0.2453165727074073,0.4928117608465499
0.13779970853638712,0.01898875967271324,0.17335273019445935,0.17423292790354267,0.4163564941182728
-0.19311971599096567,0.03729522470443124,-0.022792858154706917,-0.022794832152498834,0.150973037840228
0.4436039571772801,0.19678447082334213,-0.23126536559689398,-0.233378106842243,0.4809005776632983
-0.5015339239914463,0.2515362769142578,0.041448109958485586,0.041459986743633825,0.20358808894059982
0.13751236737428485,0.01890965118088028,-0.17436217500395956,-0.17525798350818322,0.4175669706813023
-0.46890094949918293,0.2198681004412353,-0.20182565755348802,-0.20322158029172593,0.4492501057912931
0.18117163395918112,0.03282316095143951,-0.06428647041808791,-0.06433083295848654,0.25354776752732
0.9274070695649181,0.8600838726789889,-0.26755433951237334,-0.27085393756772924,0.5172565509612936
0.8714407805198312,0.7594090339530126,0.2714180706522957,0.27486610505378234,0.5209779944031184
-0.24838059489610687,0.061692919920943945,0.22975974065389093,0.23183081207220096,0.4793325991979796
0.6978505889045887,0.4869954444344813,0.2412726022063772,0.24367698042260816,0.49119507551112235
-0.7645005164126448,0.5844610395952006,-0.02568183161582914,-0.025684655557112357,0.16025551976711797
0.7463462011072304,0.5570326519071944,-0.23783500108196667,-0.24013628300972628,0.48768329998264925
0.5017040516174553,0.2517069554093703,0.21676581920597482,0.21850029425473866,0.46558116285560225
-0.20346297815277703,0.04139718347879742,0.06427615424791754,0.06432049540837853,0.25352742306882214
0.06611848662528064,0.004371654273617414,-0.0727504488904603,-0.0728147757228402,0.2697229113191171
-0.789581725933483,0.6234393019280978,0.26935095370899254,0.272719013653355,0.5189903214020397
0.17365599726447423,0.03015640538591908,-0.055590286063648645,-0.05561895754352811,0.23577592341808068
0.0012606960218839447,1.5893544595940035e-06,-0.12773737776908448,-0.1280873318158108,0.35740366222114245
0.09567053158903938,0.009152850614529381,0.05119684280820977,0.051219234712979456,0.22626719339800405
0.9822330968630268,0.9647818565731323,-0.2862043870522648,-0.2902631604107953,0.5349807352160121
-0.9791652431792124,0.9587645734502062,0.047649154651185674,0.047667203871320785,0.21828686321257557
-0.12515990424688894,0.015665001631090407,-0.03230201123887546,-0.03230763130516706,0.1797276028852426
-0.7796494336360771,0.6078532393690558,-0.28219140421201505,-0.2860775843259986,0.5312169088159893
0.6100518666821986,0.372163280042435,-0.12511048839772484,-0.1254391937869109,0.3537096102705224
0.6201613688835059,0.3846001234554639,-0.006780151493102777,-0.00678020344195146,0.08234167531148961
0.6706025105691764,0.44970772718168234,0.16303903349729296,0.16377012266795865,0.40378092265149546
0.38064183930849715,0.14488820983215578,-0.20108867267273184,-0.202469168946463,0.4484291166647543
0.7102076328727389,0.5043948817906991,0.3191846597866448,0.3248690199582431,0.5649642995682513
-0.23342875033039645,0.054488981480810564,0.08108839300303539,0.08117752076541013,0.28476023774929565
-0.6883418540517026,0.4738145080393354,-0.0961373925187795,-0.09628610185799469,0.3100603046485949
-0.43289840210996355,0.1874010265493597,-0.25631768900706875,-0.2592106883356589,0.5062782723039463
-0.4675852038491197,0.21863592285862285,0.36163311623014976,0.37001896794116756,0.6013593902402703
-0.2135053797085582,0.04558454716449562,0.28034774542003804,0.2841563631661967,0.5294787487898245
0.18296156778573636,0.0334749352866146,0.0005051244133864133,0.0005051244348668882,0.022474973045287804
-0.5174999462412742,0.26780619435972164,-0.2441164900121473,-0.24660851421898722,0.49408146090715377
0.6263568711414491,0.3923229300261059,-0.15995457074015026,-0.16064463096083567,0.39994320939372163
-0.2734828802829681,0.07479288580786825,0.22690232822315085,0.22889586764895892,0.47634265841214646
0.4688611118338797,0.21983074219010182,0.20074490396109929,0.20211824428652964,0.4480456494165514
0.18009791673976938,0.032435259614004903,0.3377406805928783,0.34451549370853024,0.5811546098869718
-0.030903946742180777,0.0009550539242435458,-0.05561637498264177,-0.0556450868862321,0.23583124259232865
0.8934157021187064,0.798191616792261,-0.1420896977107384,-0.14257221405549114,0.3769478713439544
0.5386236956226853,0.29011548548623917,-0.047103512423231624,-0.047120948252149464,0.2170334361872189
0.18933020733551187,0.03584592740970791,0.033402323572022136,0.03340853793938575,0.18276302572463102
-0.12909893699393993,0.016666535532965272,0.37341214158138597,0.38268451236906803,0.6110745793938626
-0.24048094470227022,0.057831084764896346,0.2937473605678098,0.29814480177860675,0.5419846497529334
-0.62694144196605,0.39305557165446997,0.011778249366577434,0.011778521710756551,0.10852764332914189
0.9187930046440673,0.8441805853828731,-0.25295694385542605,-0.2557353833653564,0.502948251667531
0.43330410206963443,0.18775244487037218,0.14349594137385463,0.14399301738323295,0.3788085814416757
-0.7777397930541619,0.6048791856999305,0.2744106623364986,0.2779767848348857,0.5238422112969693
-0.10880970666290102,0.011839552264066567,-0.20178023217823549,-0.20317520070962275,0.4491995460574682
0.6794385535762191,0.46163674808574473,-0.02602446836268945,-0.026027406869780167,0.16132101029527882
-0.4941790791980445,0.24421296231702713,0.06669059872542928,0.06674013384849609,0.25824522982124815
0.45616943792983977,0.20809055610122593,0.3572058874076955,0.36527470278850177,0.5976670372437278
0.8813846669689998,0.7768389311680546,0.3176115643318711,0.32320956119695393,0.5635703721203512
-0.03292173717178848,0.0010838407784083193,-0.20418584039170334,-0.20563195366451448,0.4518692735644938
0.9668539267133749,0.9348065156010721,-0.04063232900181603,-0.040643517885328106,0.2015746239034468
-0.10949736221781192,0.011989672332658706,-0.1669653236960258,-0.16775098048942294,0.4086139054119742
-0.7099429999841165,0.5040190632264472,-0.20373385089370208,-0.20517025899599756,0.4513688634517251
0.6554967713241986,0.4296760172164487,0.3873539963179642,0.39775978944503193,0.6223776958712163
-0.3977525884355899,0.1582071216072118,0.05124860567916951,0.05127106562473549,0.22638154889294645
0.11924272884658582,0.01421882838278039,0.2755483671972039,0.2791601067366744,0.524927011304623
0.7505684429126873,0.563352987496376,-0.16324776750091138,-0.16398169118936998,0.4040393143011103
0.7444064306930105,0.5541409340571078,0.25504301023167675,0.25789218418533805,0.5050178315977335
-0.484259063837698,0.23450684090896368,-0.2555916055682631,-0.25845958470616937,0.5055606843577367
-0.1472291352291344,0.02167641826031874,-0.2732675008851874,-0.27678818987985365,0.5227499410666513
-0.9636416955479672,0.9286053173985611,-0.256705207386722,-0.2596116214627457,0.506660840589365
0.7416419508735288,0.5500327832954937,-0.2533984572765971,-0.2561917658271552,0.5033869856051079
-0.4643890505855721,0.21565719030376906,0.3398162466308262,0.3467215105528761,0.5829376009752898
0.1449904809472775,0.021022239565322842,-0.04691273615337828,-0.04692996084677753,0.21659348132706643
-0.36240192531780857,0.1313351554740545,-0.26902117767460243,-0.2723765984521865,0.5186725148632829
-0.5177541231618734,0.2680693320511204,-0.047226193511866875,-0.0472437660224167,0.21731588416833886
-0.02763467711936496,0.0007636753794915532,0.26187240760776354,0.26496180640642625,0.5117347043222333
0.05798265136515157,0.0033619878593327134,-0.18347713297228782,-0.18452247198091323,0.42834230817453445
-0.767798803590543,0.5895150027950692,-0.21885495494563292,-0.220640822164586,0.4678193614480197
0.38173106347396146,0.1457186048209616,-0.12607088706284234,-0.12640725748088907,0.35506462378395615
-0.5870725239939001,0.3446541484285684,0.1710122068913335,0.17185691847135698,0.4135362219822267
0.23362685248492032,0.05458150620201072,-0.10171789551886132,-0.10189412180443391,0.31893243096126384
0.4698440662396308,0.2207534465805906,0.22054811617343592,0.22237638849473135,0.46962550630628647
-0.806367723338792,0.6502289052425867,0.33382854889691954,0.34036221368358405,0.5777789792792046
-0.07395627698485008,0.005469530905459865,-0.21959851248745269,-0.2214029185281996,0.4686133934144997
-0.127160668954857,0.016169835729046733,0.14795457288089417,0.1484997619661153,0.384648635615537
-0.9563014157969127,0.9145123978551798,-0.18881802529206496,-0.18995838152278283,0.43453196118590054
0.9754680068842085,0.9515378324546503,-0.2576060717224428,-0.26054383622024024,0.5075490830672861
-0.37620656695332233,0.1415313810188046,-0.24150395332138858,-0.24391538138458727,0.4914305172874275
0.1631854554016614,0.026629492854647625,-0.06645114662856154,-0.06650014939329532,0.2577811991371006
0.37188003832418204,0.1382947629039951,0.04494954787344296,0.04496469812669046,0.21201308420341175
-0.595547756329023,0.35467713006853335,-0.20314556081610946,-0.20456940350363395,0.45071671903326316
-0.673133695741031,0.4531089723419789,0.27595375234182984,0.2795818429854798,0.5253130041621185
0.6564111215573427,0.43087556050416853,-0.08662223109075072,-0.08673092553522524,0.2943165491282315
0.3800587131284894,0.14444462542488337,0.01924852296498372,0.019249711777577116,0.13873904628828798
-0.958259396585367,0.9182610711441516,0.38194005032652467,0.39189458473424726,0.6180129855646438
-0.0013649621906688392,1.8631217819554764e-06,0.34215959488579956,0.3492142556581012,0.5849440955217854
0.3893801327084436,0.15161688774804516,0.04234574912907944,0.04235841481999436,0.20578082789482463
0.7767085875668622,0.6032762300001101,-0.11895290351002846,-0.11923523142588857,0.3448954965058669
0.8431780552172683,0.7109492327999748,0.022944014044093228,0.022946027582186446,0.15147281618855982
0.3932851999262035,0.15467324848099384,0.10519894791775874,0.10539395692520004,0.3243438729462278
-0.6840550823410352,0.46793135567660044,-0.10231881402416126,-0.10249819204562763,0.3198731217594896
-0.3814453761012331,0.14550057494901117,-0.0392124422272299,-0.03922249813071632,0.19802131760805428
-0.935945408628742,0.8759938079332228,-0.16849927181684773,-0.16930697317999785,0.4104866280609488
-0.25861299272303184,0.06688068000516292,0.11887242538461999,0.11915417820496532,0.344778806460925
-0.9669765740820442,0.9350436948234471,0.037629304107723846,0.03763819006418134,0.1939827417780351
0.9267442433446214,0.8588548925723948,-0.27771599027944294,-0.2814157550896847,0.5269876566670636
-0.6125314206975163,0.3751947413417177,0.20781874963097197,0.2093444936504854,0.45587141787018404
-0.19223504568497574,0.03695431278950471,0.0913185668983643,0.09144596436563102,0.30218962076544637
-0.3182034431681384,0.1012534312440587,-0.20929663611493324,-0.21085560963536698,0.45748949290113017
0.1658444109197197,0.027504368633308837,-0.280890216677764,-0.28472154381695686,0.5299907703703566
0.44081309956876624,0.194316188751423,0.05981273123041108,0.059848452735721314,0.2445664147637837
0.14041789232264357,0.019717184484333523,-0.25040997637164053,-0.2531037000789086,0.5004098084286923
0.31319334901077744,0.09809007386458665,-0.04118294430146864,-0.04119459448040613,0.202935813255001
0.17871993650204687,0.03194081570329567,0.2869583160126375,0.29105009672238985,0.5356849036631866
-0.07239242080440866,0.0052406625899225805,-0.008249882530816351,-0.00824997611562256,0.0908288639740493
-0.7430374041922765,0.5521045840287965,0.15042504635973827,0.15099819717825624,0.3878466789334908
0.252873630572241,0.06394507303878622,0.32467158560578313,0.33066448272639576,0.5697996012685365
0.007927314433729293,6.284231413121279e-05,0.2627862544866592,0.26590881922650794,0.5126268179549908
-0.9101776647345015,0.8284233813815506,0.2642495046155911,0.2674256838476788,0.5140520446565611
-0.5574777107006197,0.3107813979280038,-0.003358774818394416,-0.0033587811336890927,0.05795493782581788
-0.6611748186537114,0.4371521408217682,0.21520297322485119,0.21689966820984125,0.4638997447992952
-0.22766912685575447,0.05183323132326162,0.17233655956447816,0.17320122923032244,0.41513438735483976
-0.991645068855507,0.9833599425854431,0.3717011487560326,0.38084078849528297,0.6096729850961354
0.648072665053143,0.4199981791890833,-0.19938441050638936,-0.20072967763584193,0.44652481510705466
-0.4290999621500564,0.18412677751717985,-0.10378105478664443,-0.10396825931164932,0.3221506709393051
0.15763300704727312,0.024848164910765656,-0.05236440692892181,-0.05238836731126556,0.22883270511210108
-0.6729277246476273,0.4528317225994329,0.14283114319873172,0.14332129986304393,0.3779300771289998
0.6245738799076257,0.39009253146286527,0.10066793011197393,0.10083873887935946,0.3172820986314449
-0.5023204692478487,0.25232585382537887,0.013628611447639995,0.013629033377130728,0.11674164401634918
0.238549453205956,0.05690584162486059,-0.24551685835406725,-0.24805283424994062,0.495496577540216
-0.009560986786079972,9.141246832359584e-05,-0.22179533260323495,-0.22365527684803727,0.47095151831503307
0.7741865011659399,0.5993647385875599,-0.27783139433402476,-0.28153588674039887,0.5270971393718854
-0.5972815478732392,0.3567452474298525,-0.2331322460661862,-0.2352974463676838,0.4828377015790981
-0.2629083388294602,0.06912079462606624,0.13765541711702964,0.13809390558860313,0.3710194295680883
0.09135804880316933,0.00834629308112227,0.23804491638711156,0.240352405378988,0.487898469342866
0.8339071203817241,0.6954010854233393,0.23932202750576095,0.24166752701387612,0.48920550641398236
0.5072789410386629,0.2573319240213072,-0.11128828064484401,-0.11151928952301421,0.33359898178028663
0.9790564705748301,0.9585515725744432,-0.2260288982159621,-0.2279991398676628,0.4754249659157185
0.2134815980561342,0.04557439270860084,-0.23008033531950384,-0.2321602320579782,0.4796669003793193
-0.5964557454695354,0.3557594563036192,-0.19429412647587785,-0.19553781235916443,0.4407880743349097
-0.7523836566683482,0.5660811668216348,-0.0236904005381857,-0.023692617078662437,0.15391686242314614
-0.8790156486471437,0.7726685105665587,0.14689078497596283,0.14742422221125578,0.3832633363315135
-0.308777336170418,0.09534344333249935,0.2726505248521799,0.27614685974748515,0.5221594822007735
-0.4510963416123923,0.20348790941608413,-0.2711749654834274,-0.27461352715663995,0.5207446259765216
-0.2515020324929824,0.06325327234810119,0.12993811821623957,0.13030656855110978,0.36046930273774985
0.033558556599604605,0.0011261767210488658,0.2184482016781597,0.22022398262580095,0.4673844260115646
-0.7186826478394222,0.5165047483054829,-0.20004916203457368,-0.20140809683873306,0.4472685569482542
0.5849266062928011,0.3421391347492136,0.2702884260792003,0.2736925953726174,0.5198927063146782
-0.3518396400440944,0.12379113230635792,0.2828392864862633,0.28675298037365665,0.5318263687391434
-0.6615044851250436,0.437588183840549,0.040268581043418024,0.0402794719698612,0.2006703292552689
0.031107225813975292,0.0009676594978416508,-0.2392669126936713,-0.24161076304038775,0.48914917223038545
0.9787524214302248,0.9579563024555283,0.26807139031497385,0.2713905918496566,0.5177561108427151
-0.4528373728570896,0.20506168625611076,-0.2921439437852965,-0.2964678137725361,0.5405034169968739
-0.2005608741927054,0.040224664256942204,0.025716770993237013,0.025719606478167678,0.16036449417884563
-0.17442307724631667,0.03042340987607455,0.35782597278139583,0.365938671859736,0.598185567179112
0.2411988557320135,0.058176888006432656,0.11054955514304286,0.11077597736545586,0.33248993239351304
-0.3908816040354919,0.15278842837335907,0.11994011431207743,0.12022956103647997,0.34632371318186894
0.8007517316997292,0.6412033358201151,-0.1547070790708151,-0.1553309558949682,0.3933282078249856
0.8874771697007722,0.7876157267400932,0.32578214544991724,0.3318388879995328,0.5707732872602898
-0.9926918827256406,0.9854371740293769,0.17418897326904453,0.17508209006153863,0.41735952519266234
-0.23497944206441845,0.05521533819290539,0.29557401983617393,0.3000563295177357,0.5436671958433522
-0.9120957643357457,0.8319186833192082,-0.044327576923812624,-0.04434210656929083,0.21054115256598321
-0.2853236234470444,0.0814095700969508,0.22277664298562375,0.22466176817417366,0.47199220648822554
-0.6316440127432221,0.39897415883435977,0.0880897759664144,0.08820410226963937,0.29679921827123196
0.9837262153551147,0.9677172667768975,0.1439138693898036,0.14441532874784174,0.37935981520161516
-0.1415326999385189,0.02003150515188683,0.1048804796952173,0.10507371714371705,0.3238525585744496
0.5009376290585101,0.2509385082067615,0.19416956343502312,0.19541083104176732,0.4406467558430711
-0.6740501209693752,0.4543435655788294,0.06332006217367614,0.06336245159484577,0.2516347793403689
-0.9311086606958865,0.8669633380228875,-0.18541962609989823,-0.18649887620119976,0.43060379248201963
-0.32171932912881296,0.10350332673509348,0.37566224666617976,0.3851112563849792,0.6129129193174017
0.20002385911519927,0.04000954421533708,0.021230612005012587,0.021232207239000156,0.14570728192170967
0.05289600703366082,0.0027979875601050947,0.044941591596327754,0.04495673380112458,0.2119943197265619
0.9666740251970547,0.9344586709906759,0.36767513537237395,0.37650780406328804,0.606362214664118
0.23403298988301202,0.05477144035358201,-0.06364045161764328,-0.06368348854137632,0.25227059205869257
-0.31098498217998327,0.09671165914148451,0.05138775989950961,0.05141040344311337,0.22668868498341424
-0.7113686309097695,0.5060453290424399,0.017934108323907322,0.017935069827652805,0.13391828972887654
0.021915073087166004,0.0004802704284158277,0.2831877841553247,0.28711633340111625,0.5321539102133186
0.1057732275253469,0.011187975661128804,-0.20322647895244808,-0.2046520455401471,0.450806476165159
0.9411908897873598,0.885840291018722,-0.11934427632905134,-0.11962941222039528,0.34546240942981243
-0.8319185465043566,0.6920884680179213,0.1365181844134947,0.13694583391876403,0.36948367272924887
0.8390461482518545,0.703998438896273,0.17194640405029651,0.17280516130485846,0.41466420637703527
0.484134712364936,0.2343864197166793,-0.009430585956776427,-0.009430725748726998,0.09711120407438283
-0.03809406655805603,0.0014511579069296026,0.12270832515630166,0.1230183739674311,0.3502974809448416
-0.18796590468657048,0.0353311813246409,0.11640574521684027,0.116670250012617,0.3411828618451406
0.7171444854436011,0.5142962130021674,0.3553197470750298,0.36325611387993656,0.5960870297825895
0.05883046039373796,0.0034610230701391707,0.36608533336581534,0.3747988320505617,0.6050498602312171
0.14567834232319177,0.021222179422033045,0.036474136984815955,0.03648222913526211,0.19098203314661816
0.23998265435504895,0.057591674391294895,-0.2780180008444333,-0.281730146530531,0.5272741230559616
0.4696235213562663,0.2205462518110595,-0.14427016490163277,-0.14477538166838946,0.37982912592589946
-0.5989617725088789,0.35875520492697804,0.09452499443348074,0.0946663265037842,0.30744917374011715
-0.913304611157816,0.8341253127621295,0.30629949866148526,0.31130324255140246,0.5534433111543451
0.6105764311136137,0.37280357823143745,-0.006054472995645164,-0.00605450998569812,0.07781049412286986
-0.3122646126168669,0.09750918829276194,-0.027516578949397744,-0.027520052551592622,0.16588121939929712
0.5574753428633734,0.31077875790063575,-0.17419792638774306,-0.1750911821856203,0.4173702509615929
0.3211384501547263,0.10312990416777963,-0.08845745846412893,-0.08857322572978032,0.297417986114036
0.6550122922823369,0.4290411030409616,-0.007991310440861935,-0.007991395498875675,0.08939412978972353
0.4573236968988106,0.20914496374519517,0.09083766821475871,0.09096305860065612,0.30139288016600313
0.18916948235427866,0.03578509305418574,0.016495577354118027,0.016496325531362266,0.1284351095071672
-0.11145147983276571,0.012421432356913382,-0.054026432776147014,-0.05405274991584447,0.23243586809300112
0.02323080781544551,0.0005396704317581642,0.0751145806818949,0.07518539587947826,0.27407039366172864
-0.9879742896416157,0.9760931969928551,-0.2894375258182887,-0.2936391590895726,0.5379939830688525
0.6122430119724989,0.37484150570915736,-0.0686429686803904,-0.0686969892778822,0.26199803182541354
-0.049709917725494046,0.0024710759202753872,-0.03644842140535406,-0.03645649644527166,0.1909146966719798
-0.3461273632078372,0.11980415156121006,0.22815227969445045,0.23017948635516733,0.4776528861992257
0.6736498984514978,0.45380418568371333,-0.1470118143261667,-0.1475465799099434,0.38342119702249994
0.5525441370660997,0.3053050234061208,0.21083691661224618,0.21243104289223952,0.4591698123921543
0.8646473774326293,0.7476150873011237,0.09446487894539483,0.09460594081037421,0.3073513932706257
-0.580737247907021,0.3372557511066207,-0.2063082912530969,-0.20780057451597078,0.45421172513828495
-0.7070094361350514,0.4998623427840033,0.2508482705278499,0.25355644439879294,0.5008475521831468
0.6624374577340562,0.43882338540915944,-0.12966585878351317,-0.13003198613252478,0.3600914589149723
-0.9722479323465618,0.9452660419521647,0.005780284185286595,0.005780316373943217,0.07602818020501736
-0.3928364105362627,0.15432044544301515,-0.16607455304259774,-0.16684759683969913,0.4075224571021795
-0.13424820047988195,0.018022579332086577,-0.2360982602766714,-0.2383486254948386,0.4858994343242966
0.4416331012593806,0.1950397961279783,-0.0997190747794054,-0.09988508469362439,0.3157832718485978
-0.44431048269491735,0.19741180503259045,0.3040622609360065,0.30895392873554833,0.5514184082309971
-0.7529517346810732,0.5669363147592373,0.2685385511268421,0.27187553352684063,0.5182070543005394
0.5533691789673694,0.3062174482310205,-0.2182814491671419,-0.22005310639357423,0.4672060029228455
-0.0651485487448038,0.004244333403554077,-0.056719862835264284,-0.05675031959869234,0.2381593223774041
-0.5972929903754294,0.35675891635162277,0.05767521170195065,0.05770723508692005,0.24015663992892358
-0.7433153755841382,0.5525177475797884,0.10227095753802899,0.1024500831861162,0.31979830759093925
